-- phpMyAdmin SQL Dump
-- version 5.1.3
-- https://www.phpmyadmin.net/
--
-- Servidor: 127.0.0.1
-- Tiempo de generación: 23-05-2022 a las 08:47:36
-- Versión del servidor: 10.4.24-MariaDB
-- Versión de PHP: 8.1.4

SET SQL_MODE = "NO_AUTO_VALUE_ON_ZERO";
START TRANSACTION;
SET time_zone = "+00:00";

--
-- Base de datos: `wowschemes`
--

-- --------------------------------------------------------

--
-- Estructura de tabla para la tabla `categorias`
--

CREATE TABLE `categorias` (
  `categoriaid` tinyint(4) NOT NULL,
  `color` varchar(20) NOT NULL
) ENGINE=InnoDB DEFAULT CHARSET=utf8;

--
-- Volcado de datos para la tabla `categorias`
--

INSERT INTO `categorias` (`categoriaid`, `color`) VALUES
(1, '(255, 85, 85, 0.7)'),
(2, '(255, 102, 102, 0.7)'),
(3, '(255, 119, 119, 0.7)'),
(4, '(255, 136, 136, 0.7)'),
(5, '(255, 136, 136, 0.7)'),
(6, '(255, 136, 136, 0.7)'),
(7, '(255, 132, 9, 0.7)'),
(8, '(255, 164, 72, 0.7)'),
(9, '(255, 193, 132, 0.7)'),
(10, '(255, 223, 191, 0.7)'),
(11, '(85, 255, 85, 0.7)'),
(12, '(102, 255, 102, 0.7)'),
(13, '(119, 255, 119, 0.7)'),
(14, '(136, 255, 136, 0.7)'),
(15, '(136, 255, 136, 0.7)'),
(16, '(136, 255, 136, 0.7)'),
(17, '(136, 255, 255, 0.7)'),
(18, '(119, 255, 255, 0.7)'),
(19, '(255, 136, 255, 0.7)'),
(20, '(255, 170, 255, 0.7)'),
(21, '(255, 85, 255, 0.7)'),
(22, '(85, 85, 255, 0.7)'),
(23, '(136, 136, 255, 0.7)'),
(24, '(255, 255, 85, 0.7)'),
(25, '(255, 255, 153, 0.7)'),
(26, '(128, 64, 0, 0.7)'),
(27, '(102,102,102,0.7)'),
(28, '(187,187,255,0.7)'),
(29, '(187,255,187,0.7)');

-- --------------------------------------------------------

--
-- Estructura de tabla para la tabla `categorias_idiomas`
--

CREATE TABLE `categorias_idiomas` (
  `id_categoria` tinyint(4) NOT NULL,
  `id_idioma` tinyint(4) NOT NULL,
  `nombre` varchar(255) NOT NULL
) ENGINE=InnoDB DEFAULT CHARSET=utf8mb4;

--
-- Volcado de datos para la tabla `categorias_idiomas`
--

INSERT INTO `categorias_idiomas` (`id_categoria`, `id_idioma`, `nombre`) VALUES
(1, 1, 'DAÑO DIRECTO'),
(1, 2, 'DIRECT DAMAGE'),
(1, 3, 'DIREKTER SCHADEN'),
(1, 4, 'ATAQUE DIRECTO'),
(2, 1, 'DAÑO PERIÓDICO'),
(2, 2, 'DAMAGE OVER TIME'),
(2, 3, 'REGELMÄßIGER SCHADEN'),
(2, 4, 'DÉGÂTS SUR LA DURÉE'),
(3, 1, 'DAÑO CANALIZADO'),
(3, 2, 'CHANNELED DAMAGE'),
(3, 3, 'KANALISIERTER SCHADEN'),
(3, 4, 'DOMMAGES CANALISÉE'),
(4, 1, 'DAÑO CRÍTICO'),
(4, 2, 'CRITICAL STRIKE'),
(4, 3, 'KRITISCHER SCHADEN'),
(4, 4, 'COUP CRITIQUE'),
(5, 1, 'DAÑO EN ÁREA'),
(5, 2, 'AOE ATTACKS'),
(5, 3, 'FLÄCHENDECKENDER SCHADEN'),
(5, 4, 'ATTAQUES AOE'),
(6, 1, 'DAÑO POTENCIADO'),
(6, 2, 'INCREASED DAMAGE'),
(6, 3, 'ERHÖHTER SCHADEN'),
(6, 4, 'AUGMENTATION DES DOMMAGES'),
(7, 1, 'CONTROL DE MASAS'),
(7, 2, 'CROWD CONTROL'),
(7, 3, 'MASSENKONTROLLE'),
(7, 4, 'CONTRÔLE DES FOULES'),
(8, 1, 'PERJUICIOS'),
(8, 2, 'DEBUFFS'),
(8, 3, 'SCHADEN'),
(8, 4, 'AFFAIBLISSEMENTS'),
(9, 1, 'CONTENCIÓN DE ATAQUES'),
(9, 2, 'PREVENT ATTACKS'),
(9, 3, 'ANGRIFFE EINDÄMMEN'),
(9, 4, 'PRÉVENIR LES ATTAQUES'),
(10, 1, 'CONTENCIÓN DE DAÑO'),
(10, 2, 'PREVENT DAMAGE'),
(10, 3, 'SCHÄDEN IM ZAUM HALTEN'),
(10, 4, 'PRÉVENIR LES DOMMAGES'),
(11, 1, 'SANACIÓN DIRECTA'),
(11, 2, 'DIRECT HEALING'),
(11, 3, 'DIREKTE HEILUNG'),
(11, 4, 'SOINS DIRECTS'),
(12, 1, 'SANACIÓN PERIÓDICA'),
(12, 2, 'PERIODIC HEALING'),
(12, 3, 'REGELMÄßIGE HEILUNG'),
(12, 4, 'SOINS PÉRIODIQUES'),
(13, 1, 'SANACIÓN CANALIZADA'),
(13, 2, 'CHANNELED HEALING'),
(13, 3, 'KANALISIERTE HEILUNG'),
(13, 4, 'SOINS CANALISÉE'),
(14, 1, 'SANACIÓN CRÍTICA'),
(14, 2, 'CRITICAL HEAL'),
(14, 3, 'KRITISCHE HEILUNG'),
(14, 4, 'SOINS CRITIQUES'),
(15, 1, 'SANACIÓN EN ÁREA'),
(15, 2, 'AOE HEALING'),
(15, 3, 'FLÄCHENDECKENDE HEILUNG'),
(15, 4, 'SOINS AOE'),
(16, 1, 'SANACIÓN POTENCIADA'),
(16, 2, 'ENHANCED HEALING'),
(16, 3, 'VERSTÄRKTE HEILUNG'),
(16, 4, 'SOINS AMPLIFIÉE'),
(17, 1, 'SUPERVIVIENCIA'),
(17, 2, 'SURVIVAL'),
(17, 3, 'ÜBERLEBEN'),
(17, 4, 'SURVIE'),
(18, 1, 'FORTALECIMIENTO'),
(18, 2, 'STRENGTHENING'),
(18, 3, 'STÄRKUNG'),
(18, 4, 'RENFORCEMENT'),
(19, 1, 'MOVILIDAD'),
(19, 2, 'MOBILITY'),
(19, 3, 'BEWEGLICHKEIT'),
(19, 4, 'MOBILITÉ'),
(20, 1, 'CELERIDAD'),
(20, 2, 'CELERITY'),
(20, 3, 'SCHNELLIGKEIT'),
(20, 4, 'VÉLOCITÉ'),
(21, 1, 'AMENAZA'),
(21, 2, 'THREAT'),
(21, 3, 'BEDROHUNG'),
(21, 4, 'MENACE'),
(22, 1, 'RECURSOS'),
(22, 2, 'RESOURCES'),
(22, 3, 'RESSOURCEN'),
(22, 4, 'RESSOURCES'),
(23, 1, 'CARGAS'),
(23, 2, 'CHARGES'),
(23, 3, 'AUFLADUNG'),
(23, 4, 'CHARGES'),
(24, 1, 'EFECTOS COMBINATIVOS'),
(24, 2, 'COMBINATIVE EFFECTS'),
(24, 3, 'KOMBINIERTE EFFEKTE'),
(24, 4, 'EFFETS COMBINATOIRES'),
(25, 1, 'EFECTOS VINCULADOS A OBJETIVO'),
(25, 2, 'EFFECTS LINKED TO TARGET'),
(25, 3, 'ZUM ZIEL VERBUNDENE EFFEKTE'),
(25, 4, 'EFFETS LIÉS À CIBLER'),
(26, 1, 'EFECTOS GRUPALES'),
(26, 2, 'PARTY EFFECTS'),
(26, 3, 'GRUPPENEFFEKTE'),
(26, 4, 'EFFETS DE GROUPE'),
(27, 1, 'EFECTOS PERJUDICIALES'),
(27, 2, 'NEGATIVE EFFECTS'),
(27, 3, 'NEGATIVE AUSWIRKUNGEN'),
(27, 4, 'EFFETS NÉGATIFS'),
(28, 1, 'FORMAS, ESTADOS POTENCIADOS'),
(28, 2, 'FORMS, ENHANCED STATES'),
(28, 3, 'FORMEN, VERSTÄRKTE ZUSTÄNDE'),
(28, 4, 'FORMES, ÉTATS AMÉLIORÉES'),
(29, 1, 'MASCOTAS Y AYUDANTES'),
(29, 2, 'PET AND HELPERS'),
(29, 3, 'BEGLEITER UND HELFER'),
(29, 4, 'FAMILIERS');

-- --------------------------------------------------------

--
-- Estructura de tabla para la tabla `clases`
--

CREATE TABLE `clases` (
  `claseid` tinyint(4) NOT NULL,
  `color` varchar(20) NOT NULL
) ENGINE=InnoDB DEFAULT CHARSET=utf8;

--
-- Volcado de datos para la tabla `clases`
--

INSERT INTO `clases` (`claseid`, `color`) VALUES
(10, '(134, 130, 201,1)'),
(11, '(196, 30, 44,1)'),
(12, '(132, 211, 114,1)'),
(13, '(163, 48, 201,1)'),
(14, '(38, 89, 255,1)'),
(15, '(255, 124, 9,1)'),
(16, '(198, 155, 80,1)'),
(17, '(85, 204, 239,1)'),
(18, '(0, 255, 186,1)'),
(19, '(244, 140, 186,1)'),
(20, '(255, 244, 76,1)'),
(21, '(255, 255, 255,1)');

-- --------------------------------------------------------

--
-- Estructura de tabla para la tabla `clases_idiomas`
--

CREATE TABLE `clases_idiomas` (
  `id_clase` tinyint(4) NOT NULL,
  `id_idioma` tinyint(4) NOT NULL,
  `nombre` varchar(255) NOT NULL
) ENGINE=InnoDB DEFAULT CHARSET=utf8mb4;

--
-- Volcado de datos para la tabla `clases_idiomas`
--

INSERT INTO `clases_idiomas` (`id_clase`, `id_idioma`, `nombre`) VALUES
(10, 1, 'Brujo'),
(10, 2, 'Warlock'),
(10, 3, 'Hexenmeister'),
(10, 4, 'Démoniste'),
(11, 1, 'Caballero de la Muerte'),
(11, 2, 'Death Knight'),
(11, 3, 'Todesritter'),
(11, 4, 'Chevalier de la mort'),
(12, 1, 'Cazador'),
(12, 2, 'Hunter'),
(12, 3, 'Jäger'),
(12, 4, 'Chasseur'),
(13, 1, 'Cazador de demonios'),
(13, 2, 'Demon Hunter'),
(13, 3, 'Dämonenjäger'),
(13, 4, 'Chasseur de démons'),
(14, 1, 'Chamán'),
(14, 2, 'Shaman'),
(14, 3, 'Schamane'),
(14, 4, 'Chaman'),
(15, 1, 'Druida'),
(15, 2, 'Druid'),
(15, 3, 'Druide'),
(15, 4, 'Druide'),
(16, 1, 'Guerrero'),
(16, 2, 'Warrior'),
(16, 3, 'Krieger'),
(16, 4, 'Guerrier'),
(17, 1, 'Mago'),
(17, 2, 'Mage'),
(17, 3, 'Magier'),
(17, 4, 'Mage'),
(18, 1, 'Monje'),
(18, 2, 'Monk'),
(18, 3, 'Mönch'),
(18, 4, 'Moine'),
(19, 1, 'Paladín'),
(19, 2, 'Paladin'),
(19, 3, 'Paladin'),
(19, 4, 'Paladin'),
(20, 1, 'Pícaro'),
(20, 2, 'Rogue'),
(20, 3, 'Schurke'),
(20, 4, 'Voleur'),
(21, 1, 'Sacerdote'),
(21, 2, 'Priest'),
(21, 3, 'Priester'),
(21, 4, 'Prêtre');

-- --------------------------------------------------------

--
-- Estructura de tabla para la tabla `clasifica`
--

CREATE TABLE `clasifica` (
  `id_categoria` tinyint(4) NOT NULL,
  `id_hechizo` int(11) NOT NULL
) ENGINE=InnoDB DEFAULT CHARSET=utf8mb4;

--
-- Volcado de datos para la tabla `clasifica`
--

INSERT INTO `clasifica` (`id_categoria`, `id_hechizo`) VALUES
(10, 17),
(27, 17),
(1, 53),
(6, 53),
(22, 53),
(25, 53),
(9, 66),
(21, 66),
(28, 66),
(10, 71),
(21, 71),
(22, 71),
(28, 71),
(7, 100),
(22, 100),
(1, 116),
(7, 116),
(7, 118),
(25, 118),
(5, 120),
(7, 120),
(5, 122),
(7, 122),
(19, 126),
(21, 126),
(17, 136),
(29, 136),
(11, 139),
(12, 139),
(1, 348),
(2, 348),
(4, 348),
(23, 348),
(1, 421),
(5, 421),
(10, 498),
(17, 498),
(28, 498),
(21, 586),
(28, 586),
(1, 589),
(2, 589),
(11, 596),
(15, 596),
(25, 596),
(7, 605),
(25, 605),
(11, 633),
(24, 633),
(27, 633),
(10, 642),
(17, 642),
(27, 642),
(28, 642),
(1, 686),
(23, 686),
(2, 703),
(22, 703),
(7, 710),
(25, 710),
(13, 740),
(15, 740),
(16, 740),
(26, 740),
(17, 755),
(27, 755),
(29, 755),
(18, 768),
(19, 768),
(28, 768),
(1, 772),
(2, 772),
(18, 783),
(19, 783),
(28, 783),
(10, 871),
(17, 871),
(28, 871),
(2, 980),
(23, 980),
(17, 982),
(22, 982),
(29, 982),
(10, 1022),
(17, 1022),
(27, 1022),
(19, 1044),
(28, 1044),
(11, 1064),
(15, 1064),
(25, 1064),
(7, 1098),
(29, 1098),
(1, 1329),
(22, 1329),
(6, 1463),
(23, 1463),
(28, 1463),
(1, 1715),
(7, 1715),
(1, 1752),
(22, 1752),
(7, 1776),
(22, 1776),
(1, 1822),
(2, 1822),
(22, 1822),
(18, 1953),
(19, 1953),
(10, 1966),
(17, 1966),
(28, 1966),
(18, 2006),
(22, 2006),
(18, 2008),
(22, 2008),
(5, 2120),
(7, 2120),
(6, 2565),
(10, 2565),
(17, 2565),
(28, 2565),
(1, 2643),
(5, 2643),
(22, 2643),
(25, 2643),
(19, 2645),
(28, 2645),
(1, 2823),
(2, 2823),
(24, 2823),
(28, 2823),
(20, 2825),
(26, 2825),
(27, 2825),
(28, 2825),
(1, 2948),
(19, 2948),
(20, 2948),
(19, 2983),
(28, 2983),
(10, 3127),
(17, 3127),
(7, 3408),
(28, 3408),
(19, 3714),
(26, 3714),
(3, 5143),
(6, 5143),
(23, 5143),
(24, 5143),
(20, 5171),
(22, 5171),
(6, 5217),
(22, 5217),
(28, 5217),
(1, 5221),
(22, 5221),
(1, 5308),
(25, 5308),
(9, 5384),
(28, 5384),
(12, 5394),
(15, 5394),
(10, 5487),
(17, 5487),
(18, 5487),
(21, 5487),
(28, 5487),
(19, 5697),
(28, 5697),
(2, 5740),
(5, 5740),
(19, 6197),
(28, 6197),
(5, 6343),
(7, 6343),
(5, 6544),
(19, 6544),
(5, 6572),
(22, 6572),
(24, 6572),
(25, 6572),
(7, 6789),
(17, 6789),
(10, 6940),
(27, 6940),
(17, 6991),
(29, 6991),
(18, 7328),
(22, 7328),
(1, 7384),
(4, 7384),
(6, 7384),
(1, 8042),
(22, 8042),
(24, 8042),
(1, 8676),
(22, 8676),
(1, 8679),
(8, 8679),
(28, 8679),
(1, 8921),
(2, 8921),
(11, 8936),
(12, 8936),
(7, 9484),
(25, 9484),
(7, 11426),
(10, 11426),
(17, 11426),
(28, 11426),
(6, 12042),
(22, 12042),
(28, 12042),
(6, 12292),
(28, 12292),
(20, 12472),
(28, 12472),
(5, 12950),
(6, 12950),
(24, 12950),
(17, 12975),
(28, 12975),
(20, 13750),
(22, 13750),
(28, 13750),
(5, 13877),
(6, 13877),
(27, 13877),
(28, 13877),
(6, 14062),
(19, 14062),
(28, 14062),
(1, 14914),
(2, 14914),
(11, 15286),
(24, 15286),
(28, 15286),
(3, 15407),
(7, 15407),
(9, 15487),
(25, 15487),
(14, 16196),
(22, 16196),
(1, 16511),
(6, 16511),
(22, 16511),
(28, 16511),
(22, 16864),
(28, 16864),
(10, 16931),
(17, 16931),
(20, 16974),
(22, 16974),
(24, 16974),
(28, 16974),
(1, 17877),
(23, 17877),
(25, 17877),
(1, 17962),
(23, 17962),
(17, 19236),
(28, 19236),
(7, 19386),
(19, 19386),
(6, 19574),
(20, 19574),
(24, 19574),
(28, 19574),
(29, 19574),
(7, 19577),
(29, 19577),
(2, 20066),
(7, 20066),
(25, 20066),
(1, 20473),
(4, 20473),
(11, 20473),
(14, 20473),
(18, 20484),
(22, 20484),
(18, 20707),
(22, 20707),
(26, 21562),
(28, 21562),
(1, 22570),
(7, 22570),
(10, 22812),
(17, 22812),
(20, 22812),
(28, 22812),
(17, 22842),
(24, 22842),
(1, 23881),
(17, 23881),
(22, 23881),
(9, 23920),
(10, 23920),
(17, 23920),
(28, 23920),
(1, 23922),
(22, 23922),
(6, 24858),
(10, 24858),
(17, 24858),
(18, 24858),
(28, 24858),
(2, 26573),
(5, 26573),
(2, 27243),
(5, 27243),
(24, 27243),
(25, 27243),
(6, 29144),
(10, 29144),
(17, 29144),
(28, 29144),
(22, 29166),
(28, 29166),
(17, 29838),
(24, 29838),
(2, 30108),
(8, 30108),
(9, 30108),
(23, 30108),
(25, 30108),
(1, 30451),
(6, 30451),
(22, 30451),
(23, 30451),
(1, 30455),
(6, 30455),
(24, 30455),
(25, 30455),
(10, 31224),
(17, 31224),
(18, 31224),
(28, 31224),
(10, 31230),
(17, 31230),
(23, 31230),
(28, 31230),
(5, 31661),
(7, 31661),
(14, 31842),
(16, 31842),
(28, 31842),
(10, 31850),
(17, 31850),
(28, 31850),
(6, 31884),
(16, 31884),
(28, 31884),
(1, 31935),
(5, 31935),
(20, 32182),
(26, 32182),
(27, 32182),
(28, 32182),
(19, 32223),
(23, 32223),
(8, 32375),
(18, 32375),
(1, 32379),
(22, 32379),
(25, 32379),
(1, 32645),
(2, 32645),
(6, 32645),
(15, 33076),
(23, 33076),
(24, 33076),
(10, 33206),
(20, 33206),
(7, 33891),
(10, 33891),
(16, 33891),
(17, 33891),
(18, 33891),
(28, 33891),
(1, 33917),
(22, 33917),
(1, 34026),
(29, 34026),
(1, 34428),
(17, 34428),
(24, 34428),
(25, 34428),
(2, 34433),
(22, 34433),
(29, 34433),
(21, 34477),
(28, 34477),
(2, 34914),
(7, 34914),
(17, 34914),
(22, 34914),
(25, 34914),
(6, 42650),
(29, 42650),
(2, 43265),
(5, 43265),
(24, 43265),
(1, 44425),
(6, 44425),
(23, 44425),
(2, 44457),
(5, 44457),
(1, 44614),
(7, 44614),
(10, 45243),
(17, 45243),
(23, 45243),
(28, 45243),
(10, 45438),
(17, 45438),
(27, 45438),
(28, 45438),
(6, 46917),
(17, 46917),
(5, 46924),
(18, 46924),
(19, 46924),
(28, 46924),
(4, 46953),
(20, 46953),
(24, 46953),
(10, 47536),
(20, 47536),
(28, 47536),
(3, 47540),
(13, 47540),
(19, 47540),
(20, 47540),
(22, 47568),
(23, 47568),
(28, 47568),
(10, 47585),
(18, 47585),
(19, 47585),
(20, 47585),
(22, 47585),
(27, 47585),
(28, 47585),
(11, 47788),
(16, 47788),
(20, 47788),
(27, 47788),
(29, 47788),
(3, 48045),
(5, 48045),
(22, 48045),
(10, 48263),
(17, 48263),
(12, 48438),
(15, 48438),
(10, 48707),
(17, 48707),
(18, 48707),
(22, 48707),
(28, 48707),
(1, 49028),
(9, 49028),
(10, 49028),
(17, 49028),
(28, 49028),
(1, 49184),
(2, 49184),
(5, 49184),
(22, 49184),
(23, 49184),
(24, 49184),
(2, 49206),
(29, 49206),
(1, 49998),
(17, 49998),
(18, 50769),
(22, 50769),
(1, 50842),
(2, 50842),
(5, 50842),
(23, 50842),
(18, 51271),
(19, 51271),
(28, 51271),
(22, 51462),
(23, 51462),
(5, 51490),
(7, 51490),
(20, 51490),
(1, 51505),
(22, 51505),
(6, 51533),
(19, 51533),
(29, 51533),
(14, 51564),
(20, 51564),
(23, 51564),
(24, 51564),
(1, 51690),
(19, 51690),
(24, 51690),
(28, 51690),
(5, 51723),
(22, 51723),
(24, 51723),
(6, 52610),
(28, 52610),
(5, 53209),
(22, 53209),
(25, 53209),
(16, 53376),
(20, 53376),
(11, 53563),
(16, 53563),
(23, 53563),
(4, 53576),
(16, 53576),
(20, 53576),
(24, 53576),
(1, 53600),
(10, 53600),
(17, 53600),
(28, 53600),
(1, 55090),
(6, 55090),
(23, 55090),
(10, 55233),
(17, 55233),
(28, 55233),
(5, 56377),
(6, 56377),
(22, 57330),
(23, 57330),
(1, 57755),
(21, 57755),
(21, 57934),
(28, 57934),
(19, 58875),
(28, 58875),
(6, 59057),
(22, 59057),
(24, 59057),
(11, 61295),
(12, 61295),
(10, 61336),
(17, 61336),
(23, 61336),
(28, 61336),
(2, 61882),
(5, 61882),
(7, 61882),
(18, 61999),
(22, 61999),
(10, 62618),
(20, 62618),
(2, 63106),
(17, 63106),
(28, 63560),
(29, 63560),
(13, 64843),
(15, 64843),
(16, 64843),
(28, 64843),
(22, 64901),
(26, 64901),
(11, 73685),
(16, 73685),
(28, 73685),
(12, 73920),
(15, 73920),
(6, 76657),
(29, 76657),
(6, 76671),
(10, 76671),
(17, 76671),
(6, 76672),
(22, 76672),
(28, 76672),
(6, 77219),
(28, 77219),
(29, 77219),
(6, 77220),
(10, 77220),
(17, 77220),
(12, 77485),
(16, 77485),
(12, 77495),
(16, 77495),
(1, 77575),
(2, 77575),
(5, 77575),
(23, 77575),
(25, 77575),
(20, 77756),
(24, 77756),
(1, 78203),
(4, 78203),
(29, 78203),
(1, 78674),
(6, 78674),
(28, 78674),
(10, 79008),
(17, 79008),
(28, 79008),
(22, 79152),
(28, 79152),
(19, 79206),
(20, 79206),
(28, 79206),
(5, 80240),
(23, 80240),
(24, 80240),
(25, 80240),
(1, 80313),
(10, 80313),
(17, 80313),
(23, 80313),
(24, 80313),
(25, 80313),
(28, 80313),
(20, 80353),
(26, 80353),
(27, 80353),
(28, 80353),
(22, 81229),
(23, 81229),
(16, 81749),
(23, 81749),
(24, 81749),
(10, 82245),
(17, 82245),
(10, 84608),
(17, 84608),
(5, 84714),
(7, 84714),
(23, 84714),
(25, 84714),
(20, 85043),
(24, 85043),
(1, 85288),
(22, 85288),
(28, 85288),
(1, 85948),
(22, 85948),
(23, 85948),
(24, 85948),
(10, 86659),
(17, 86659),
(28, 86659),
(2, 87935),
(24, 87935),
(1, 88625),
(7, 88625),
(1, 93402),
(2, 93402),
(15, 97462),
(17, 97462),
(28, 97462),
(10, 98008),
(15, 98008),
(26, 98008),
(5, 101545),
(7, 101545),
(19, 101545),
(24, 101545),
(19, 101643),
(24, 101643),
(28, 101643),
(10, 102351),
(12, 102351),
(22, 102543),
(28, 102543),
(20, 103827),
(23, 103827),
(10, 104773),
(17, 104773),
(20, 104773),
(28, 104773),
(2, 106832),
(5, 106832),
(28, 106832),
(19, 106898),
(26, 106898),
(28, 106898),
(6, 107574),
(19, 107574),
(28, 107574),
(10, 108271),
(17, 108271),
(28, 108271),
(12, 108280),
(15, 108280),
(10, 108416),
(17, 108416),
(20, 108416),
(27, 108416),
(28, 108416),
(29, 108416),
(6, 108503),
(27, 108503),
(28, 108503),
(29, 108503),
(1, 108853),
(20, 108853),
(6, 109142),
(16, 109142),
(25, 109142),
(28, 109142),
(19, 109215),
(24, 109215),
(28, 109215),
(7, 109248),
(25, 109248),
(5, 110744),
(15, 110744),
(9, 110959),
(10, 110959),
(17, 110959),
(21, 110959),
(28, 110959),
(19, 111400),
(27, 111400),
(7, 111673),
(25, 111673),
(29, 111673),
(22, 113043),
(24, 113043),
(3, 113656),
(5, 113656),
(20, 113656),
(1, 114014),
(22, 114014),
(6, 114050),
(20, 114050),
(28, 114050),
(6, 114051),
(22, 114051),
(28, 114051),
(15, 114052),
(16, 114052),
(26, 114052),
(28, 114052),
(2, 114158),
(5, 114158),
(15, 114158),
(1, 114165),
(5, 114165),
(11, 114165),
(15, 114165),
(19, 115008),
(23, 115008),
(10, 115069),
(17, 115069),
(1, 115072),
(17, 115072),
(23, 115072),
(24, 115072),
(1, 115080),
(24, 115080),
(12, 115151),
(15, 115151),
(25, 115151),
(10, 115176),
(28, 115176),
(18, 115178),
(22, 115178),
(2, 115181),
(5, 115181),
(24, 115181),
(25, 115181),
(10, 115203),
(17, 115203),
(24, 115203),
(28, 115203),
(10, 115308),
(17, 115308),
(23, 115308),
(24, 115308),
(28, 115308),
(15, 115310),
(18, 115310),
(11, 115313),
(24, 115313),
(29, 115313),
(21, 115315),
(29, 115315),
(6, 115636),
(24, 115636),
(5, 115750),
(7, 115750),
(2, 115767),
(6, 115767),
(6, 116011),
(23, 116011),
(28, 116011),
(17, 116092),
(22, 116092),
(24, 116092),
(25, 116092),
(7, 116095),
(24, 116095),
(25, 116095),
(15, 116670),
(17, 116670),
(16, 116680),
(19, 116680),
(20, 116680),
(28, 116680),
(10, 116812),
(17, 116812),
(18, 116841),
(19, 116841),
(2, 116847),
(5, 116847),
(10, 116849),
(12, 116849),
(16, 116849),
(24, 116849),
(28, 116849),
(1, 116858),
(4, 116858),
(6, 116858),
(1, 117014),
(4, 117014),
(19, 117014),
(20, 117014),
(28, 117014),
(3, 117952),
(10, 117952),
(4, 118000),
(5, 118000),
(6, 118000),
(28, 118000),
(10, 118038),
(17, 118038),
(28, 118038),
(5, 119381),
(7, 119381),
(10, 119582),
(17, 119582),
(23, 119582),
(24, 119582),
(3, 120360),
(5, 120360),
(19, 120360),
(5, 120517),
(15, 120517),
(1, 120679),
(22, 120679),
(29, 120679),
(5, 121253),
(7, 121253),
(20, 121253),
(22, 121471),
(28, 121471),
(19, 121536),
(23, 121536),
(10, 122278),
(17, 122278),
(28, 122278),
(17, 122281),
(23, 122281),
(25, 122281),
(2, 122470),
(9, 122470),
(17, 122470),
(25, 122470),
(28, 122470),
(1, 122783),
(9, 122783),
(10, 122783),
(17, 122783),
(28, 122783),
(2, 123040),
(22, 123040),
(29, 123040),
(1, 123904),
(2, 123904),
(5, 123904),
(29, 123904),
(5, 124081),
(11, 124081),
(25, 124081),
(17, 124502),
(23, 124502),
(24, 124502),
(1, 129250),
(22, 129250),
(1, 130736),
(20, 130736),
(22, 130736),
(23, 130736),
(24, 130736),
(6, 131511),
(24, 131511),
(25, 131511),
(2, 131894),
(20, 131894),
(25, 131894),
(29, 131894),
(5, 132157),
(15, 132157),
(5, 132469),
(7, 132469),
(1, 132578),
(5, 132578),
(21, 132578),
(29, 132578),
(22, 137384),
(24, 137384),
(20, 137619),
(22, 137619),
(23, 137619),
(25, 137619),
(6, 137639),
(16, 137639),
(24, 137639),
(28, 137639),
(29, 137639),
(11, 145108),
(17, 145108),
(25, 145108),
(12, 145205),
(15, 145205),
(5, 152108),
(6, 152108),
(23, 152108),
(6, 152173),
(16, 152173),
(20, 152173),
(22, 152173),
(28, 152173),
(5, 152175),
(24, 152175),
(1, 152261),
(10, 152261),
(17, 152261),
(4, 152262),
(20, 152262),
(23, 152262),
(28, 152262),
(2, 152277),
(5, 152277),
(2, 152279),
(5, 152279),
(22, 152279),
(28, 152279),
(2, 152280),
(5, 152280),
(23, 152280),
(24, 152280),
(28, 152280),
(2, 153561),
(5, 153561),
(5, 153626),
(23, 153626),
(25, 153626),
(2, 154904),
(6, 154904),
(6, 155147),
(24, 155147),
(4, 155148),
(20, 155148),
(24, 155148),
(6, 155271),
(22, 155271),
(29, 155271),
(6, 155783),
(17, 155783),
(15, 157153),
(24, 157153),
(19, 157411),
(26, 157411),
(1, 157980),
(5, 157980),
(7, 157980),
(25, 157980),
(5, 157981),
(7, 157981),
(6, 158477),
(22, 158477),
(16, 158478),
(24, 158478),
(10, 161798),
(17, 161798),
(1, 162243),
(22, 162243),
(20, 162452),
(24, 162452),
(1, 162794),
(4, 162794),
(22, 162794),
(1, 163201),
(6, 163201),
(22, 163201),
(25, 163201),
(17, 164856),
(24, 164856),
(25, 164856),
(29, 164856),
(1, 167105),
(6, 167105),
(28, 167105),
(6, 168534),
(22, 168534),
(6, 170374),
(24, 170374),
(25, 170374),
(5, 179057),
(7, 179057),
(15, 183778),
(23, 183778),
(24, 183778),
(10, 184364),
(17, 184364),
(20, 184364),
(28, 184364),
(1, 184575),
(22, 184575),
(5, 184662),
(9, 184662),
(10, 184662),
(20, 184783),
(22, 184783),
(1, 185123),
(5, 185123),
(6, 185164),
(19, 185164),
(1, 185358),
(22, 185358),
(1, 185438),
(22, 185438),
(1, 185565),
(6, 185565),
(22, 185565),
(1, 185763),
(7, 185763),
(22, 185763),
(2, 185767),
(5, 185767),
(7, 185767),
(5, 185901),
(6, 185901),
(23, 185901),
(24, 185901),
(25, 185901),
(19, 186257),
(28, 186257),
(11, 186263),
(27, 186263),
(10, 186265),
(17, 186265),
(27, 186265),
(28, 186265),
(6, 186289),
(28, 186289),
(29, 186289),
(5, 186387),
(7, 186387),
(6, 187827),
(10, 187827),
(17, 187827),
(22, 187827),
(28, 187827),
(5, 187874),
(6, 187874),
(28, 187874),
(1, 188089),
(6, 188089),
(28, 188089),
(1, 188389),
(2, 188389),
(1, 188443),
(5, 188443),
(22, 188443),
(25, 188443),
(5, 188499),
(10, 188499),
(1, 188838),
(2, 188838),
(4, 190319),
(28, 190319),
(22, 190336),
(26, 190336),
(2, 190356),
(5, 190356),
(7, 190356),
(10, 190456),
(17, 190456),
(22, 190456),
(28, 190456),
(6, 190493),
(22, 190493),
(5, 190778),
(7, 190778),
(29, 190778),
(5, 190780),
(7, 190780),
(29, 190780),
(7, 190925),
(19, 190925),
(1, 190928),
(23, 190928),
(28, 190928),
(2, 191034),
(5, 191034),
(1, 191241),
(7, 191241),
(2, 191384),
(6, 191384),
(7, 191384),
(10, 191384),
(24, 191384),
(29, 191384),
(5, 191427),
(6, 191427),
(7, 191427),
(20, 191427),
(22, 191427),
(28, 191427),
(1, 191433),
(2, 191433),
(5, 191433),
(25, 191433),
(13, 191837),
(15, 191837),
(1, 192106),
(9, 192106),
(24, 192106),
(28, 192106),
(20, 192234),
(22, 192234),
(24, 192234),
(2, 192246),
(5, 192246),
(6, 192246),
(1, 192759),
(2, 192759),
(22, 192759),
(23, 192759),
(24, 192759),
(6, 192939),
(22, 192939),
(24, 192939),
(25, 192939),
(19, 193223),
(20, 193223),
(22, 193223),
(27, 193223),
(28, 193223),
(6, 193225),
(20, 193225),
(28, 193225),
(1, 193315),
(6, 193315),
(22, 193315),
(24, 193315),
(6, 193316),
(24, 193316),
(20, 193526),
(23, 193526),
(28, 193526),
(4, 193530),
(22, 193530),
(28, 193530),
(29, 193530),
(20, 193539),
(23, 193539),
(1, 193786),
(22, 193786),
(1, 193796),
(6, 193796),
(28, 193796),
(1, 194153),
(5, 194153),
(22, 194153),
(6, 194223),
(22, 194223),
(28, 194223),
(2, 194277),
(7, 194277),
(25, 194277),
(6, 194386),
(22, 194386),
(28, 194386),
(6, 194397),
(24, 194397),
(29, 194397),
(2, 194407),
(22, 194407),
(29, 194407),
(1, 194466),
(4, 194466),
(5, 194466),
(11, 194509),
(15, 194509),
(23, 194509),
(2, 194599),
(20, 194599),
(24, 194599),
(25, 194599),
(29, 194599),
(6, 194662),
(22, 194662),
(2, 194844),
(5, 194844),
(17, 194844),
(22, 194844),
(2, 194855),
(5, 194855),
(7, 194855),
(20, 194878),
(23, 194878),
(28, 194878),
(5, 194909),
(22, 194909),
(6, 194912),
(22, 194912),
(23, 194918),
(28, 194918),
(5, 195072),
(19, 195072),
(1, 195182),
(10, 195182),
(17, 195182),
(20, 195182),
(23, 195182),
(28, 195182),
(1, 195292),
(2, 195292),
(23, 195292),
(2, 195452),
(7, 195452),
(2, 195679),
(4, 195679),
(17, 195679),
(29, 195679),
(5, 196226),
(6, 196226),
(5, 196277),
(29, 196277),
(3, 196447),
(5, 196447),
(24, 196447),
(25, 196447),
(6, 196607),
(17, 196607),
(24, 196607),
(10, 196718),
(26, 196718),
(28, 196718),
(17, 196719),
(25, 196719),
(20, 196721),
(23, 196721),
(12, 196725),
(15, 196725),
(16, 196725),
(24, 196725),
(28, 196725),
(6, 196738),
(10, 196738),
(24, 196738),
(28, 196738),
(2, 196743),
(23, 196743),
(2, 196770),
(5, 196770),
(7, 196770),
(1, 196834),
(7, 196834),
(28, 196834),
(1, 196840),
(6, 196840),
(7, 196840),
(22, 196840),
(24, 196840),
(20, 196861),
(24, 196861),
(25, 196861),
(20, 196926),
(24, 196926),
(1, 196937),
(6, 196937),
(22, 196937),
(28, 196937),
(6, 196938),
(22, 196938),
(24, 196938),
(2, 197211),
(5, 197211),
(7, 197211),
(16, 197419),
(24, 197419),
(22, 197467),
(24, 197467),
(25, 197467),
(19, 197490),
(22, 197490),
(6, 197690),
(10, 197690),
(17, 197690),
(28, 197690),
(12, 197721),
(16, 197721),
(28, 197721),
(5, 197835),
(6, 197835),
(22, 197835),
(28, 197835),
(6, 197895),
(16, 197895),
(24, 197895),
(28, 197895),
(16, 197900),
(19, 197900),
(20, 197900),
(22, 197915),
(24, 197915),
(3, 198013),
(4, 198013),
(5, 198013),
(2, 198034),
(5, 198034),
(22, 198034),
(6, 198068),
(24, 198068),
(7, 198304),
(10, 198304),
(19, 198304),
(22, 198304),
(28, 198304),
(10, 198589),
(17, 198589),
(28, 198589),
(3, 198590),
(17, 198590),
(23, 198590),
(25, 198590),
(15, 198664),
(29, 198664),
(1, 198670),
(5, 198670),
(25, 198670),
(20, 198943),
(24, 198943),
(29, 198943),
(17, 199483),
(21, 199483),
(28, 199483),
(29, 199483),
(5, 199522),
(6, 199522),
(24, 199522),
(25, 199522),
(6, 199527),
(23, 199527),
(24, 199527),
(25, 199527),
(20, 199532),
(24, 199532),
(1, 199543),
(6, 199543),
(7, 199543),
(7, 199740),
(25, 199740),
(7, 199743),
(25, 199743),
(1, 199754),
(10, 199754),
(17, 199754),
(28, 199754),
(1, 199804),
(4, 199804),
(7, 199804),
(20, 199849),
(28, 199849),
(15, 200025),
(16, 200025),
(23, 200025),
(16, 200076),
(24, 200076),
(25, 200076),
(15, 200128),
(25, 200128),
(16, 200153),
(24, 200153),
(2, 200174),
(22, 200174),
(29, 200174),
(20, 200209),
(25, 200209),
(12, 200390),
(24, 200390),
(25, 200390),
(12, 200652),
(15, 200652),
(16, 200652),
(28, 200652),
(1, 200758),
(22, 200758),
(17, 200759),
(28, 200759),
(6, 200806),
(24, 200806),
(25, 200806),
(6, 201082),
(23, 201082),
(24, 201082),
(28, 201082),
(5, 201430),
(29, 201430),
(2, 201467),
(5, 201467),
(1, 201897),
(6, 201897),
(22, 201897),
(28, 201897),
(1, 201898),
(20, 201898),
(28, 201898),
(6, 201900),
(22, 201900),
(24, 201900),
(5, 202028),
(22, 202028),
(23, 202028),
(20, 202031),
(24, 202031),
(19, 202155),
(22, 202155),
(19, 202157),
(22, 202157),
(1, 202168),
(17, 202168),
(20, 202168),
(25, 202168),
(4, 202271),
(6, 202271),
(6, 202288),
(24, 202288),
(28, 202288),
(6, 202316),
(25, 202316),
(1, 202347),
(2, 202347),
(6, 202347),
(24, 202347),
(20, 202425),
(28, 202425),
(10, 202561),
(22, 202561),
(22, 202572),
(24, 202572),
(20, 202603),
(25, 202603),
(6, 202612),
(27, 202612),
(22, 202665),
(27, 202665),
(28, 202665),
(6, 202743),
(22, 202743),
(25, 202743),
(4, 202751),
(22, 202751),
(28, 202751),
(1, 202767),
(6, 202767),
(22, 202767),
(1, 202800),
(6, 202800),
(21, 202800),
(24, 202800),
(25, 202800),
(29, 202800),
(6, 203177),
(10, 203177),
(24, 203177),
(6, 203201),
(7, 203201),
(3, 203415),
(5, 203415),
(6, 203415),
(24, 203415),
(3, 203524),
(5, 203524),
(10, 203524),
(17, 203524),
(28, 203524),
(10, 203538),
(17, 203538),
(23, 203538),
(12, 203539),
(22, 203539),
(23, 203539),
(6, 203555),
(22, 203555),
(7, 203556),
(23, 203556),
(10, 203720),
(17, 203720),
(28, 203720),
(6, 203747),
(10, 203747),
(17, 203747),
(6, 203776),
(20, 203776),
(25, 203776),
(1, 203782),
(17, 203782),
(22, 203782),
(23, 203782),
(6, 203791),
(10, 203791),
(17, 203791),
(22, 203962),
(25, 203962),
(5, 204019),
(10, 204019),
(17, 204019),
(24, 204019),
(1, 204021),
(10, 204021),
(17, 204021),
(23, 204021),
(28, 204021),
(6, 204053),
(10, 204053),
(17, 204053),
(24, 204053),
(28, 204053),
(7, 204054),
(12, 204054),
(15, 204054),
(24, 204054),
(15, 204065),
(25, 204065),
(27, 204065),
(5, 204066),
(17, 204066),
(10, 204139),
(17, 204139),
(20, 204139),
(28, 204139),
(10, 204150),
(17, 204150),
(28, 204150),
(1, 204157),
(5, 204157),
(21, 204157),
(1, 204197),
(2, 204197),
(5, 204197),
(6, 204197),
(24, 204197),
(7, 204263),
(25, 204263),
(2, 204596),
(5, 204596),
(11, 204883),
(15, 204883),
(25, 204883),
(6, 204945),
(28, 204945),
(2, 205021),
(3, 205021),
(7, 205021),
(6, 205022),
(22, 205022),
(29, 205022),
(2, 205023),
(5, 205023),
(6, 205023),
(23, 205023),
(24, 205023),
(25, 205023),
(6, 205027),
(23, 205027),
(25, 205027),
(28, 205027),
(3, 205065),
(22, 205065),
(28, 205065),
(20, 205145),
(23, 205145),
(24, 205145),
(25, 205145),
(29, 205145),
(20, 205148),
(22, 205148),
(5, 205180),
(23, 205180),
(24, 205180),
(1, 205191),
(9, 205191),
(10, 205191),
(17, 205191),
(28, 205191),
(5, 205223),
(17, 205223),
(2, 205228),
(5, 205228),
(5, 205273),
(7, 205273),
(25, 205273),
(5, 205320),
(7, 205320),
(7, 205369),
(25, 205369),
(5, 205385),
(22, 205385),
(11, 205406),
(24, 205406),
(6, 205495),
(20, 205495),
(28, 205495),
(2, 205545),
(5, 205545),
(5, 205636),
(29, 205636),
(4, 206315),
(22, 206315),
(24, 206315),
(6, 206416),
(22, 206416),
(25, 206416),
(1, 206505),
(20, 206505),
(25, 206505),
(29, 206505),
(23, 206817),
(25, 206817),
(29, 206817),
(1, 206930),
(5, 206930),
(7, 206930),
(22, 206930),
(3, 206931),
(19, 206931),
(15, 206940),
(23, 206940),
(24, 206940),
(17, 206974),
(23, 206974),
(1, 206977),
(8, 206977),
(9, 206977),
(28, 206977),
(2, 207068),
(28, 207068),
(29, 207068),
(22, 207127),
(23, 207127),
(28, 207127),
(4, 207142),
(5, 207142),
(24, 207142),
(28, 207142),
(4, 207161),
(7, 207161),
(4, 207230),
(5, 207230),
(6, 207230),
(24, 207230),
(22, 207256),
(24, 207256),
(28, 207256),
(5, 207264),
(6, 207264),
(23, 207264),
(2, 207269),
(6, 207269),
(23, 207272),
(29, 207272),
(20, 207289),
(23, 207289),
(24, 207289),
(4, 207305),
(6, 207305),
(23, 207305),
(7, 207316),
(25, 207316),
(10, 207319),
(17, 207319),
(20, 207319),
(27, 207319),
(28, 207319),
(29, 207319),
(10, 207321),
(17, 207321),
(6, 207346),
(24, 207346),
(2, 207349),
(6, 207349),
(22, 207349),
(29, 207349),
(14, 207383),
(20, 207383),
(24, 207383),
(10, 207387),
(17, 207387),
(15, 207399),
(18, 207399),
(22, 207399),
(25, 207399),
(1, 207407),
(2, 207407),
(23, 207407),
(6, 207550),
(20, 207550),
(16, 207697),
(28, 207697),
(1, 207946),
(6, 207946),
(23, 207946),
(6, 207982),
(20, 207982),
(23, 207982),
(24, 207982),
(11, 208065),
(16, 208065),
(28, 208065),
(12, 208253),
(16, 208253),
(28, 208253),
(5, 209202),
(10, 209202),
(17, 209202),
(28, 209202),
(6, 209400),
(7, 209400),
(28, 209400),
(5, 209577),
(6, 209577),
(1, 209782),
(7, 209782),
(22, 209782),
(1, 209795),
(23, 209795),
(15, 210191),
(17, 210191),
(23, 210191),
(5, 210220),
(22, 210220),
(24, 210220),
(20, 210706),
(22, 210706),
(24, 210706),
(1, 210714),
(6, 210714),
(22, 210714),
(28, 210714),
(1, 210722),
(2, 210722),
(22, 210722),
(6, 210731),
(26, 210731),
(28, 210731),
(20, 210805),
(23, 210805),
(6, 210853),
(28, 210853),
(1, 211053),
(3, 211053),
(5, 211053),
(23, 211053),
(1, 211881),
(6, 211881),
(7, 211881),
(25, 211881),
(18, 212036),
(22, 212036),
(26, 212036),
(18, 212040),
(22, 212040),
(18, 212048),
(22, 212048),
(18, 212051),
(22, 212051),
(18, 212056),
(22, 212056),
(4, 212283),
(6, 212283),
(20, 212283),
(24, 212283),
(28, 212283),
(5, 212431),
(24, 212431),
(5, 212621),
(6, 212621),
(23, 212621),
(24, 212621),
(25, 212621),
(19, 212653),
(20, 212653),
(23, 212653),
(20, 212658),
(24, 212658),
(25, 212658),
(19, 212763),
(20, 212763),
(10, 213313),
(17, 213313),
(20, 213313),
(24, 213313),
(5, 213764),
(28, 213764),
(5, 214326),
(10, 214326),
(28, 214326),
(5, 214579),
(6, 214579),
(22, 214579),
(29, 214579),
(1, 214621),
(6, 214621),
(28, 214621),
(19, 215556),
(20, 215556),
(24, 215556),
(25, 215556),
(28, 215556),
(6, 215569),
(24, 215569),
(6, 215571),
(19, 215571),
(22, 215571),
(28, 215571),
(1, 215661),
(6, 215661),
(17, 215661),
(25, 215661),
(12, 215864),
(15, 215864),
(16, 215864),
(24, 215864),
(6, 216698),
(23, 216698),
(25, 216698),
(28, 216698),
(1, 217020),
(5, 217020),
(6, 217020),
(22, 217020),
(23, 217020),
(7, 217832),
(25, 217832),
(20, 218612),
(23, 218612),
(24, 218612),
(5, 218679),
(17, 218679),
(23, 218679),
(24, 218679),
(25, 218679),
(28, 218679),
(10, 219272),
(17, 219272),
(22, 219786),
(23, 219786),
(1, 220143),
(23, 220143),
(29, 220143),
(10, 223657),
(27, 223657),
(20, 223662),
(21, 223662),
(28, 223662),
(2, 224968),
(22, 224968),
(22, 227266),
(24, 227266),
(28, 227266),
(5, 227847),
(18, 227847),
(19, 227847),
(28, 227847),
(5, 228260),
(24, 228260),
(25, 228260),
(28, 228260),
(5, 228477),
(17, 228477),
(23, 228477),
(2, 228920),
(5, 228920),
(16, 231606),
(24, 231606),
(25, 231606),
(16, 231633),
(23, 231633),
(22, 231642),
(23, 231642),
(24, 231642),
(6, 231644),
(24, 231644),
(28, 231644),
(20, 231657),
(24, 231657),
(9, 231665),
(25, 231665),
(6, 231688),
(25, 231688),
(22, 231723),
(29, 231723),
(15, 231780),
(16, 231780),
(23, 231791),
(25, 231791),
(6, 231833),
(24, 231833),
(25, 231833),
(20, 231834),
(24, 231834),
(6, 231895),
(20, 231895),
(22, 231895),
(23, 231895),
(28, 231895),
(6, 232643),
(22, 232643),
(24, 232643),
(6, 232698),
(28, 232698),
(1, 232893),
(19, 232893),
(20, 232893),
(22, 232893),
(24, 232893),
(20, 234299),
(22, 234299),
(24, 234299),
(10, 235189),
(17, 235189),
(28, 235189),
(10, 235297),
(17, 235297),
(1, 235313),
(9, 235313),
(10, 235313),
(17, 235313),
(28, 235313),
(10, 235450),
(17, 235450),
(18, 235450),
(28, 235450),
(20, 235463),
(22, 235463),
(19, 236457),
(20, 236457),
(6, 236628),
(23, 236628),
(20, 236662),
(24, 236662),
(6, 236698),
(7, 236698),
(20, 236698),
(20, 257541),
(24, 257541),
(3, 263165),
(22, 263165),
(5, 263346),
(22, 263346),
(25, 263346),
(10, 263648),
(17, 263648),
(23, 263648),
(28, 263648),
(15, 265202),
(20, 265202),
(23, 265202),
(24, 265202),
(2, 265412),
(23, 265412),
(5, 269650),
(6, 269650),
(24, 269650),
(25, 269650),
(10, 271534),
(16, 271534),
(24, 271534),
(9, 278326),
(22, 278326),
(5, 280711),
(25, 280711),
(28, 280711),
(6, 281482),
(23, 281482),
(25, 281482),
(17, 288733),
(22, 288733);

-- --------------------------------------------------------

--
-- Estructura de tabla para la tabla `especs`
--

CREATE TABLE `especs` (
  `especid` tinyint(4) NOT NULL,
  `id_clase` tinyint(4) NOT NULL,
  `id_rol` tinyint(4) NOT NULL
) ENGINE=InnoDB DEFAULT CHARSET=utf8mb4;

--
-- Volcado de datos para la tabla `especs`
--

INSERT INTO `especs` (`especid`, `id_clase`, `id_rol`) VALUES
(13, 11, 1),
(20, 13, 1),
(26, 15, 1),
(30, 16, 1),
(34, 18, 1),
(38, 19, 1),
(10, 10, 2),
(11, 10, 2),
(12, 10, 2),
(14, 11, 2),
(15, 11, 2),
(16, 12, 2),
(17, 12, 2),
(18, 12, 2),
(19, 13, 2),
(21, 14, 2),
(22, 14, 2),
(24, 15, 2),
(25, 15, 2),
(28, 16, 2),
(29, 16, 2),
(31, 17, 2),
(32, 17, 2),
(33, 17, 2),
(36, 18, 2),
(40, 20, 2),
(41, 20, 2),
(42, 20, 2),
(23, 14, 3),
(27, 15, 3),
(35, 18, 3),
(37, 19, 3),
(39, 19, 3),
(43, 21, 3),
(44, 21, 3),
(45, 21, 3);

-- --------------------------------------------------------

--
-- Estructura de tabla para la tabla `especs_idiomas`
--

CREATE TABLE `especs_idiomas` (
  `id_espec` tinyint(4) NOT NULL,
  `id_idioma` tinyint(4) NOT NULL,
  `nombre` varchar(255) NOT NULL
) ENGINE=InnoDB DEFAULT CHARSET=utf8;

--
-- Volcado de datos para la tabla `especs_idiomas`
--

INSERT INTO `especs_idiomas` (`id_espec`, `id_idioma`, `nombre`) VALUES
(10, 1, 'Aflicción'),
(10, 2, 'Affliction'),
(10, 3, 'Gebrechen'),
(10, 4, 'Affliction'),
(11, 1, 'Demonología'),
(11, 2, 'Demonology'),
(11, 3, 'Dämonologie'),
(11, 4, 'Démonologie'),
(12, 1, 'Destrucción'),
(12, 2, 'Destruction'),
(12, 3, 'Zerstörung'),
(12, 4, 'Destruction'),
(13, 1, 'Sangre'),
(13, 2, 'Blood'),
(13, 3, 'Blut'),
(13, 4, 'Sang'),
(14, 1, 'Escarcha'),
(14, 2, 'Frost'),
(14, 3, 'Frost'),
(14, 4, 'Givre'),
(15, 1, 'Profano'),
(15, 2, 'Unholy'),
(15, 3, 'Unheilig'),
(15, 4, 'Impie'),
(16, 1, 'Bestias'),
(16, 2, 'Beast Mastery'),
(16, 3, 'Tierherrschaft'),
(16, 4, 'Maîtrise des bêtes'),
(17, 1, 'Puntería'),
(17, 2, 'Marksmanship'),
(17, 3, 'Treffsicherheit'),
(17, 4, 'Précision'),
(18, 1, 'Supervivencia'),
(18, 2, 'Survival'),
(18, 3, 'Überleben'),
(18, 4, 'Survie'),
(19, 1, 'Devastación'),
(19, 2, 'Havoc'),
(19, 3, 'Verwüstung'),
(19, 4, 'Dévastation'),
(20, 1, 'Venganza'),
(20, 2, 'Vengeance'),
(20, 3, 'Rachsucht'),
(20, 4, 'Vengeance'),
(21, 1, 'Elemental'),
(21, 2, 'Elemental'),
(21, 3, 'Elementar'),
(21, 4, 'Élémentaire'),
(22, 1, 'Mejora'),
(22, 2, 'Enhancement'),
(22, 3, 'Verstärkung'),
(22, 4, 'Amélioration'),
(23, 1, 'Restauración'),
(23, 2, 'Restoration'),
(23, 3, 'Wiederherstellung'),
(23, 4, 'Restauration'),
(24, 1, 'Equilibrio'),
(24, 2, 'Balance'),
(24, 3, 'Gleichgewicht'),
(24, 4, 'Équilibre'),
(25, 1, 'Feral'),
(25, 2, 'Feral'),
(25, 3, 'Wilder Kampf'),
(25, 4, 'Combat farouche'),
(26, 1, 'Guardián'),
(26, 2, 'Guardian'),
(26, 3, 'Wächter'),
(26, 4, 'Gardien'),
(27, 1, 'Restauración'),
(27, 2, 'Restoration'),
(27, 3, 'Wiederherstellung'),
(27, 4, 'Restauration'),
(28, 1, 'Armas'),
(28, 2, 'Arms'),
(28, 3, 'Waffen'),
(28, 4, 'Armes'),
(29, 1, 'Furia'),
(29, 2, 'Fury'),
(29, 3, 'Furor'),
(29, 4, 'Fureur'),
(30, 1, 'Protección'),
(30, 2, 'Protection'),
(30, 3, 'Schutz'),
(30, 4, 'Protection'),
(31, 1, 'Arcano'),
(31, 2, 'Arcane'),
(31, 3, 'Arkan'),
(31, 4, 'Arcanes'),
(32, 1, 'Fuego'),
(32, 2, 'Fire'),
(32, 3, 'Feuer'),
(32, 4, 'Feu'),
(33, 1, 'Escarcha'),
(33, 2, 'Frost'),
(33, 3, 'Frost'),
(33, 4, 'Givre'),
(34, 1, 'Maestro cervecero'),
(34, 2, 'Brewmaster'),
(34, 3, 'Braumeister'),
(34, 4, 'Maître brasseur'),
(35, 1, 'Tejedor de niebla'),
(35, 2, 'Mistweaver'),
(35, 3, 'Nebelwirker'),
(35, 4, 'Tisse-brume'),
(36, 1, 'Viajero del viento'),
(36, 2, 'Windwalker'),
(36, 3, 'Windläufer'),
(36, 4, 'Marche-vent'),
(37, 1, 'Sagrado'),
(37, 2, 'Holy'),
(37, 3, 'Heilig'),
(37, 4, 'Sacré'),
(38, 1, 'Protección'),
(38, 2, 'Protection'),
(38, 3, 'Schutz'),
(38, 4, 'Protection'),
(39, 1, 'Reprensión'),
(39, 2, 'Retribution'),
(39, 3, 'Vergeltung'),
(39, 4, 'Vindicte'),
(40, 1, 'Asesinato'),
(40, 2, 'Assassination'),
(40, 3, 'Meucheln'),
(40, 4, 'Assassinat'),
(41, 1, 'Forajido'),
(41, 2, 'Outlaw'),
(41, 3, 'Gesetzlosigkeit'),
(41, 4, 'Hors-la-loi'),
(42, 1, 'Sutileza'),
(42, 2, 'Subtlety'),
(42, 3, 'Täuschung'),
(42, 4, 'Finesse'),
(43, 1, 'Disciplina'),
(43, 2, 'Discipline'),
(43, 3, 'Disziplin'),
(43, 4, 'Discipline'),
(44, 1, 'Sagrado'),
(44, 2, 'Holy'),
(44, 3, 'Heilig'),
(44, 4, 'Sacré'),
(45, 1, 'Sombra'),
(45, 2, 'Shadow'),
(45, 3, 'Schatten'),
(45, 4, 'Ombre');

-- --------------------------------------------------------

--
-- Estructura de tabla para la tabla `hechizos`
--

CREATE TABLE `hechizos` (
  `hechizoid` int(11) NOT NULL,
  `version` varchar(10) NOT NULL,
  `activo` tinyint(1) NOT NULL DEFAULT 0,
  `nivel` tinyint(4) NOT NULL
) ENGINE=InnoDB DEFAULT CHARSET=utf8mb4;

--
-- Volcado de datos para la tabla `hechizos`
--

INSERT INTO `hechizos` (`hechizoid`, `version`, `activo`, `nivel`) VALUES
(17, '1', 0, 8),
(53, '1', 0, 10),
(66, '1', 0, 42),
(71, '1', 1, 9),
(100, '1', 0, 3),
(107, '1', 1, 1),
(116, '1', 0, 1),
(118, '1', 0, 8),
(120, '1', 0, 34),
(122, '1', 0, 5),
(126, '1', 0, 24),
(136, '1', 0, 14),
(139, '1', 0, 12),
(348, '1', 0, 10),
(421, '1', 0, 28),
(498, '1', 0, 32),
(586, '1', 0, 44),
(589, '1', 0, 3),
(596, '1', 0, 28),
(605, '1', 0, 42),
(633, '1', 0, 55),
(642, '1', 0, 18),
(686, '1', 0, 1),
(698, '1', 0, 42),
(703, '1', 0, 12),
(710, '1', 0, 32),
(740, '1', 0, 80),
(755, '1', 0, 22),
(768, '1', 0, 8),
(772, '1', 0, 45),
(783, '1', 0, 18),
(871, '1', 0, 55),
(980, '1', 0, 10),
(982, '1', 0, 1),
(1022, '1', 0, 48),
(1044, '1', 0, 38),
(1064, '1', 0, 20),
(1098, '1', 0, 56),
(1160, '1', 0, 48),
(1329, '1', 0, 40),
(1449, '1', 0, 18),
(1463, '1', 1, 45),
(1715, '1', 0, 32),
(1752, '1', 0, 1),
(1776, '1', 0, 34),
(1822, '1', 0, 12),
(1953, '1', 0, 16),
(1966, '1', 0, 44),
(2006, '1', 0, 14),
(2008, '1', 0, 14),
(2120, '1', 0, 20),
(2565, '1', 0, 20),
(2643, '1', 0, 16),
(2645, '1', 0, 16),
(2823, '1', 0, 10),
(2825, '1', 0, 50),
(2948, '1', 0, 14),
(2983, '1', 0, 32),
(3127, '1', 1, 1),
(3408, '1', 0, 38),
(3714, '1', 0, 66),
(5143, '1', 0, 12),
(5171, '1', 0, 100),
(5217, '1', 0, 13),
(5221, '1', 0, 8),
(5277, '1', 0, 26),
(5308, '1', 0, 8),
(5384, '1', 0, 28),
(5394, '1', 0, 14),
(5487, '1', 0, 10),
(5697, '1', 0, 24),
(5740, '1', 0, 26),
(6197, '1', 0, 18),
(6343, '1', 0, 14),
(6544, '1', 0, 26),
(6572, '1', 0, 22),
(6789, '1', 0, 75),
(6940, '1', 0, 56),
(6991, '1', 0, 13),
(7328, '1', 0, 14),
(7384, '1', 0, 15),
(8042, '1', 0, 10),
(8676, '1', 0, 22),
(8679, '1', 0, 54),
(8921, '1', 0, 3),
(8936, '1', 0, 5),
(9484, '1', 0, 34),
(11426, '1', 0, 26),
(12042, '1', 0, 40),
(12292, '1', 0, 90),
(12294, '1', 0, 10),
(12472, '1', 0, 40),
(12846, '1', 1, 78),
(12950, '1', 1, 55),
(12975, '1', 0, 32),
(12982, '1', 1, 14),
(13750, '1', 0, 56),
(13877, '1', 0, 63),
(14062, '1', 1, 30),
(14190, '1', 1, 28),
(14914, '1', 0, 10),
(15286, '1', 0, 28),
(15407, '1', 0, 10),
(15487, '1', 0, 52),
(16164, '1', 1, 80),
(16196, '1', 1, 48),
(16511, '1', 0, 15),
(16864, '1', 1, 48),
(16931, '1', 1, 34),
(16974, '1', 1, 80),
(17877, '1', 0, 30),
(17962, '1', 0, 10),
(19236, '1', 0, 26),
(19386, '1', 0, 75),
(19434, '1', 0, 12),
(19574, '1', 0, 40),
(19577, '1', 0, 75),
(20066, '1', 0, 45),
(20473, '1', 0, 10),
(20484, '1', 0, 42),
(20608, '1', 1, 26),
(20707, '1', 0, 44),
(20711, '1', 1, 32),
(21562, '1', 0, 22),
(22570, '1', 0, 63),
(22812, '1', 0, 26),
(22842, '1', 0, 40),
(23881, '1', 0, 10),
(23920, '1', 0, 80),
(23922, '1', 0, 10),
(24858, '1', 0, 20),
(26573, '1', 0, 14),
(27243, '1', 0, 38),
(29144, '1', 1, 10),
(29166, '1', 0, 50),
(29838, '1', 1, 60),
(30108, '1', 0, 14),
(30451, '1', 0, 10),
(30455, '1', 0, 10),
(31223, '1', 1, 15),
(31224, '1', 0, 80),
(31230, '1', 1, 60),
(31661, '1', 0, 32),
(31842, '1', 0, 80),
(31850, '1', 0, 50),
(31884, '1', 0, 80),
(31935, '1', 0, 10),
(32182, '1', 0, 50),
(32223, '1', 1, 44),
(32375, '1', 0, 80),
(32379, '1', 0, 75),
(32546, '1', 0, 75),
(32645, '1', 0, 36),
(33076, '1', 0, 50),
(33206, '1', 0, 48),
(33891, '1', 0, 75),
(33917, '1', 0, 10),
(34026, '1', 0, 10),
(34428, '1', 0, 5),
(34433, '1', 0, 40),
(34477, '1', 0, 42),
(34861, '1', 0, 40),
(34914, '1', 0, 24),
(35110, '1', 1, 50),
(42650, '1', 0, 82),
(43265, '1', 0, 56),
(44425, '1', 0, 10),
(44457, '1', 0, 90),
(44614, '1', 0, 20),
(45243, '1', 1, 38),
(45438, '1', 0, 50),
(46917, '1', 1, 10),
(46924, '1', 0, 100),
(46953, '1', 1, 10),
(47536, '1', 0, 50),
(47540, '1', 0, 10),
(47568, '1', 0, 57),
(47585, '1', 0, 28),
(47788, '1', 0, 44),
(48045, '1', 0, 26),
(48181, '1', 0, 90),
(48263, '1', 1, 55),
(48438, '1', 0, 40),
(48707, '1', 0, 57),
(49028, '1', 0, 57),
(49184, '1', 0, 55),
(49206, '1', 0, 75),
(49530, '1', 1, 64),
(49998, '1', 0, 55),
(50769, '1', 0, 14),
(50842, '1', 0, 56),
(51128, '1', 1, 56),
(51271, '1', 0, 57),
(51462, '1', 1, 1),
(51490, '1', 0, 24),
(51505, '1', 0, 12),
(51514, '1', 0, 42),
(51533, '1', 0, 36),
(51564, '1', 1, 34),
(51690, '1', 0, 90),
(51723, '1', 0, 63),
(52610, '1', 0, 75),
(53209, '1', 0, 30),
(53238, '1', 1, 15),
(53376, '1', 1, 90),
(53563, '1', 0, 20),
(53576, '1', 1, 35),
(53600, '1', 0, 20),
(55090, '1', 0, 55),
(55233, '1', 0, 57),
(55342, '1', 0, 45),
(56315, '1', 1, 44),
(56377, '1', 1, 90),
(56814, '1', 0, 1),
(57330, '1', 0, 57),
(57755, '1', 0, 17),
(57934, '1', 0, 70),
(58875, '1', 0, 80),
(59057, '1', 1, 59),
(60188, '1', 1, 34),
(61295, '1', 0, 10),
(61336, '1', 0, 36),
(61882, '1', 0, 48),
(61999, '1', 0, 72),
(62618, '1', 0, 70),
(63106, '1', 0, 30),
(63560, '1', 0, 74),
(63733, '1', 1, 20),
(64843, '1', 0, 70),
(64901, '1', 0, 85),
(73685, '1', 0, 15),
(73920, '1', 0, 40),
(76613, '1', 1, 78),
(76657, '1', 1, 78),
(76671, '1', 1, 78),
(76672, '1', 1, 78),
(76856, '1', 1, 78),
(76857, '1', 1, 78),
(77219, '1', 1, 78),
(77220, '1', 1, 78),
(77226, '1', 1, 78),
(77485, '1', 1, 78),
(77492, '1', 1, 78),
(77493, '1', 1, 78),
(77495, '1', 1, 78),
(77513, '1', 1, 78),
(77575, '1', 0, 55),
(77756, '1', 1, 40),
(78203, '1', 1, 38),
(78674, '1', 0, 10),
(79008, '1', 1, 60),
(79134, '1', 1, 50),
(79140, '1', 0, 56),
(79152, '1', 1, 10),
(79206, '1', 0, 36),
(80240, '1', 0, 40),
(80313, '1', 0, 100),
(80353, '1', 0, 80),
(81099, '1', 1, 38),
(81136, '1', 1, 63),
(81229, '1', 1, 1),
(81749, '1', 1, 20),
(82245, '1', 1, 1),
(84601, '1', 1, 10),
(84608, '1', 1, 60),
(84714, '1', 0, 57),
(85043, '1', 1, 25),
(85288, '1', 0, 20),
(85948, '1', 0, 55),
(86659, '1', 0, 70),
(86949, '1', 1, 52),
(87935, '1', 1, 90),
(88625, '1', 0, 16),
(93402, '1', 0, 16),
(97462, '1', 0, 80),
(98008, '1', 0, 56),
(101545, '1', 0, 48),
(101643, '1', 0, 80),
(102342, '1', 0, 54),
(102351, '1', 0, 15),
(102543, '1', 0, 75),
(102558, '1', 0, 75),
(102560, '1', 0, 75),
(103827, '1', 1, 30),
(103828, '1', 1, 15),
(104316, '1', 0, 14),
(104773, '1', 0, 54),
(105174, '1', 0, 10),
(105809, '1', 0, 75),
(106832, '1', 0, 12),
(106898, '1', 0, 50),
(107574, '1', 0, 45),
(108208, '1', 1, 30),
(108209, '1', 1, 30),
(108211, '1', 0, 60),
(108271, '1', 0, 52),
(108280, '1', 0, 80),
(108370, '1', 1, 34),
(108415, '1', 1, 52),
(108416, '1', 0, 45),
(108503, '1', 0, 90),
(108839, '1', 0, 30),
(108853, '1', 0, 3),
(109142, '1', 1, 45),
(109186, '1', 1, 75),
(109215, '1', 1, 45),
(109248, '1', 0, 75),
(110744, '1', 0, 90),
(110959, '1', 0, 65),
(111400, '1', 0, 45),
(111673, '1', 0, 69),
(112965, '1', 1, 24),
(113043, '1', 1, 48),
(113656, '1', 0, 20),
(114014, '1', 0, 10),
(114018, '1', 0, 68),
(114050, '1', 0, 100),
(114051, '1', 0, 100),
(114052, '1', 0, 100),
(114107, '1', 1, 75),
(114158, '1', 0, 15),
(114165, '1', 0, 75),
(114556, '1', 1, 100),
(114923, '1', 0, 90),
(115008, '1', 0, 30),
(115069, '1', 1, 16),
(115072, '1', 0, 50),
(115080, '1', 0, 32),
(115151, '1', 0, 20),
(115173, '1', 1, 30),
(115176, '1', 0, 65),
(115178, '1', 0, 14),
(115181, '1', 0, 40),
(115203, '1', 0, 55),
(115308, '1', 0, 20),
(115310, '1', 0, 70),
(115313, '1', 0, 90),
(115315, '1', 0, 60),
(115399, '1', 0, 45),
(115636, '1', 1, 78),
(115750, '1', 0, 45),
(115767, '1', 0, 36),
(115939, '1', 1, 50),
(116011, '1', 0, 45),
(116092, '1', 1, 28),
(116095, '1', 0, 16),
(116645, '1', 1, 12),
(116670, '1', 0, 28),
(116680, '1', 0, 50),
(116812, '1', 1, 1),
(116841, '1', 0, 30),
(116844, '1', 0, 60),
(116847, '1', 0, 90),
(116849, '1', 0, 35),
(116858, '1', 0, 12),
(117014, '1', 0, 75),
(117952, '1', 0, 18),
(118000, '1', 0, 100),
(118038, '1', 0, 36),
(119381, '1', 0, 60),
(119582, '1', 0, 28),
(120360, '1', 0, 90),
(120517, '1', 0, 90),
(120679, '1', 0, 12),
(121253, '1', 0, 10),
(121471, '1', 0, 56),
(121536, '1', 0, 30),
(122278, '1', 0, 75),
(122281, '1', 0, 75),
(122470, '1', 0, 55),
(122783, '1', 0, 75),
(123040, '1', 0, 45),
(123904, '1', 0, 90),
(123986, '1', 0, 15),
(124081, '1', 0, 15),
(124502, '1', 1, 32),
(129250, '1', 0, 45),
(130392, '1', 1, 60),
(130736, '1', 0, 100),
(131511, '1', 1, 75),
(131894, '1', 0, 90),
(132157, '1', 0, 33),
(132469, '1', 0, 60),
(132578, '1', 0, 90),
(137384, '1', 1, 42),
(137619, '1', 0, 100),
(137639, '1', 0, 50),
(145108, '1', 1, 34),
(145205, '1', 0, 70),
(152108, '1', 0, 60),
(152150, '1', 0, 100),
(152152, '1', 1, 100),
(152173, '1', 0, 100),
(152175, '1', 0, 100),
(152261, '1', 1, 15),
(152262, '1', 0, 100),
(152277, '1', 0, 100),
(152278, '1', 1, 100),
(152279, '1', 0, 100),
(152280, '1', 0, 100),
(153561, '1', 0, 100),
(153626, '1', 0, 100),
(154904, '1', 1, 75),
(155147, '1', 1, 100),
(155148, '1', 1, 100),
(155149, '1', 1, 100),
(155228, '1', 1, 15),
(155271, '1', 1, 75),
(155578, '1', 1, 90),
(155580, '1', 1, 15),
(155672, '1', 1, 100),
(155675, '1', 1, 100),
(155783, '1', 1, 78),
(155835, '1', 0, 15),
(156910, '1', 0, 100),
(157153, '1', 0, 90),
(157154, '1', 1, 100),
(157411, '1', 1, 38),
(157980, '1', 0, 60),
(157981, '1', 0, 30),
(157997, '1', 0, 15),
(158477, '1', 1, 75),
(158478, '1', 1, 75),
(159286, '1', 1, 28),
(161798, '1', 1, 65),
(162243, '1', 0, 98),
(162452, '1', 1, 15),
(162488, '1', 0, 60),
(162794, '1', 0, 98),
(163201, '1', 0, 8),
(164856, '1', 1, 16),
(167105, '1', 0, 20),
(168534, '1', 1, 78),
(170374, '1', 1, 15),
(178740, '1', 0, 99),
(178819, '1', 1, 58),
(178940, '1', 1, 98),
(179057, '1', 0, 100),
(183415, '1', 1, 60),
(183416, '1', 1, 60),
(183425, '1', 1, 60),
(183435, '1', 1, 70),
(183778, '1', 1, 90),
(183998, '1', 0, 50),
(184361, '1', 1, 14),
(184364, '1', 0, 36),
(184575, '1', 0, 20),
(184662, '1', 0, 32),
(184783, '1', 1, 34),
(185123, '1', 0, 99),
(185164, '1', 1, 98),
(185358, '1', 0, 10),
(185438, '1', 0, 12),
(185565, '1', 0, 10),
(185763, '1', 0, 12),
(185767, '1', 0, 90),
(185789, '1', 1, 20),
(185901, '1', 0, 20),
(185987, '1', 1, 20),
(186257, '1', 0, 22),
(186263, '1', 0, 28),
(186265, '1', 0, 70),
(186289, '1', 0, 40),
(186387, '1', 0, 26),
(187827, '1', 0, 99),
(187874, '1', 0, 28),
(188089, '1', 0, 100),
(188389, '1', 0, 3),
(188443, '1', 0, 28),
(188499, '1', 0, 100),
(188838, '1', 0, 3),
(190319, '1', 0, 40),
(190336, '1', 0, 13),
(190356, '1', 0, 18),
(190447, '1', 1, 28),
(190456, '1', 0, 40),
(190493, '1', 1, 1),
(190740, '1', 1, 78),
(190778, '1', 0, 100),
(190780, '1', 0, 1),
(190899, '1', 1, 66),
(190925, '1', 0, 10),
(190928, '1', 0, 20),
(191034, '1', 0, 40),
(191241, '1', 0, 75),
(191334, '1', 1, 78),
(191384, '1', 1, 100),
(191427, '1', 0, 99),
(191433, '1', 0, 50),
(191837, '1', 0, 40),
(192077, '1', 0, 30),
(192088, '1', 1, 30),
(192106, '1', 0, 60),
(192222, '1', 0, 90),
(192234, '1', 1, 75),
(192246, '1', 1, 90),
(192384, '1', 1, 1),
(192759, '1', 0, 100),
(192939, '1', 1, 102),
(193223, '1', 0, 100),
(193225, '1', 1, 100),
(193315, '1', 0, 10),
(193316, '1', 0, 40),
(193468, '1', 1, 78),
(193526, '1', 0, 40),
(193530, '1', 0, 26),
(193531, '1', 1, 45),
(193533, '1', 1, 15),
(193539, '1', 1, 90),
(193546, '1', 1, 60),
(193640, '1', 1, 15),
(193786, '1', 0, 10),
(193796, '1', 0, 12),
(193884, '1', 1, 10),
(194153, '1', 0, 12),
(194223, '1', 0, 48),
(194277, '1', 0, 60),
(194386, '1', 0, 90),
(194397, '1', 1, 15),
(194407, '1', 0, 100),
(194466, '1', 0, 100),
(194509, '1', 0, 52),
(194595, '1', 1, 30),
(194599, '1', 0, 30),
(194662, '1', 1, 57),
(194679, '1', 0, 90),
(194844, '1', 0, 100),
(194855, '1', 0, 90),
(194878, '1', 1, 56),
(194909, '1', 1, 90),
(194912, '1', 1, 90),
(194916, '1', 1, 56),
(194917, '1', 1, 57),
(194918, '1', 0, 57),
(195072, '1', 0, 98),
(195182, '1', 0, 55),
(195255, '1', 1, 70),
(195283, '1', 1, 14),
(195292, '1', 0, 58),
(195452, '1', 0, 20),
(195679, '1', 1, 56),
(196103, '1', 1, 30),
(196226, '1', 1, 60),
(196277, '1', 0, 46),
(196447, '1', 0, 100),
(196607, '1', 1, 15),
(196718, '1', 0, 100),
(196719, '1', 1, 45),
(196721, '1', 1, 45),
(196725, '1', 0, 90),
(196730, '1', 1, 90),
(196736, '1', 1, 100),
(196737, '1', 1, 100),
(196738, '1', 1, 100),
(196740, '1', 1, 90),
(196743, '1', 1, 100),
(196770, '1', 0, 57),
(196834, '1', 0, 38),
(196840, '1', 0, 38),
(196861, '1', 1, 75),
(196923, '1', 1, 90),
(196926, '1', 1, 15),
(196937, '1', 0, 15),
(196938, '1', 1, 15),
(196976, '1', 1, 100),
(197061, '1', 1, 90),
(197211, '1', 0, 90),
(197214, '1', 0, 90),
(197419, '1', 1, 75),
(197446, '1', 1, 100),
(197464, '1', 1, 60),
(197467, '1', 1, 90),
(197490, '1', 1, 45),
(197492, '1', 1, 45),
(197646, '1', 1, 75),
(197690, '1', 0, 60),
(197721, '1', 0, 100),
(197835, '1', 0, 63),
(197895, '1', 1, 100),
(197900, '1', 1, 45),
(197908, '1', 0, 100),
(197915, '1', 1, 45),
(198013, '1', 0, 98),
(198034, '1', 0, 60),
(198068, '1', 1, 58),
(198304, '1', 0, 28),
(198589, '1', 0, 99),
(198590, '1', 0, 15),
(198664, '1', 0, 90),
(198670, '1', 0, 100),
(198793, '1', 0, 100),
(198943, '1', 1, 90),
(199483, '1', 0, 75),
(199522, '1', 1, 100),
(199523, '1', 1, 45),
(199527, '1', 1, 30),
(199528, '1', 1, 60),
(199530, '1', 1, 30),
(199532, '1', 1, 100),
(199543, '1', 1, 100),
(199740, '1', 0, 54),
(199743, '1', 0, 75),
(199754, '1', 0, 26),
(199786, '1', 0, 100),
(199804, '1', 0, 20),
(199849, '1', 1, 90),
(199855, '1', 1, 30),
(200025, '1', 0, 100),
(200071, '1', 1, 15),
(200076, '1', 1, 60),
(200128, '1', 1, 15),
(200153, '1', 1, 15),
(200174, '1', 0, 90),
(200183, '1', 0, 100),
(200199, '1', 1, 60),
(200209, '1', 1, 45),
(200383, '1', 1, 15),
(200390, '1', 1, 75),
(200652, '1', 0, 100),
(200758, '1', 0, 15),
(200759, '1', 1, 60),
(200802, '1', 0, 90),
(200806, '1', 0, 90),
(201075, '1', 1, 30),
(201082, '1', 1, 15),
(201430, '1', 0, 100),
(201467, '1', 0, 100),
(201845, '1', 1, 48),
(201897, '1', 0, 15),
(201898, '1', 0, 15),
(201900, '1', 1, 15),
(201909, '1', 1, 15),
(202021, '1', 1, 15),
(202028, '1', 0, 90),
(202031, '1', 1, 15),
(202095, '1', 1, 75),
(202155, '1', 1, 45),
(202157, '1', 1, 45),
(202161, '1', 1, 15),
(202163, '1', 1, 60),
(202168, '1', 0, 30),
(202224, '1', 1, 60),
(202271, '1', 1, 60),
(202288, '1', 1, 45),
(202296, '1', 1, 15),
(202316, '1', 1, 45),
(202342, '1', 1, 100),
(202345, '1', 1, 75),
(202347, '1', 0, 90),
(202354, '1', 1, 90),
(202425, '1', 0, 15),
(202560, '1', 1, 45),
(202561, '1', 1, 75),
(202572, '1', 1, 90),
(202603, '1', 1, 90),
(202612, '1', 1, 90),
(202665, '1', 0, 100),
(202743, '1', 1, 90),
(202751, '1', 1, 100),
(202767, '1', 0, 100),
(202770, '1', 0, 100),
(202800, '1', 0, 12),
(203177, '1', 1, 100),
(203179, '1', 1, 100),
(203201, '1', 1, 60),
(203316, '1', 1, 30),
(203415, '1', 0, 100),
(203513, '1', 1, 99),
(203524, '1', 0, 100),
(203538, '1', 0, 58),
(203539, '1', 0, 65),
(203550, '1', 1, 99),
(203555, '1', 1, 100),
(203556, '1', 1, 108),
(203720, '1', 0, 100),
(203747, '1', 1, 99),
(203776, '1', 1, 30),
(203782, '1', 0, 99),
(203791, '1', 1, 100),
(203797, '1', 1, 60),
(203953, '1', 1, 15),
(203962, '1', 1, 15),
(203964, '1', 1, 75),
(203974, '1', 1, 90),
(204018, '1', 0, 60),
(204019, '1', 0, 15),
(204021, '1', 0, 100),
(204023, '1', 1, 30),
(204053, '1', 1, 100),
(204054, '1', 1, 90),
(204065, '1', 0, 75),
(204066, '1', 0, 100),
(204074, '1', 1, 100),
(204139, '1', 1, 75),
(204147, '1', 0, 100),
(204150, '1', 0, 90),
(204157, '1', 0, 99),
(204197, '1', 0, 90),
(204254, '1', 1, 99),
(204263, '1', 0, 60),
(204308, '1', 1, 15),
(204596, '1', 0, 100),
(204883, '1', 0, 75),
(204909, '1', 1, 104),
(204945, '1', 0, 100),
(205020, '1', 1, 15),
(205021, '1', 0, 100),
(205022, '1', 0, 15),
(205023, '1', 1, 90),
(205024, '1', 1, 15),
(205026, '1', 1, 15),
(205027, '1', 1, 15),
(205028, '1', 1, 60),
(205029, '1', 1, 60),
(205036, '1', 1, 75),
(205065, '1', 0, 100),
(205145, '1', 1, 30),
(205148, '1', 1, 30),
(205179, '1', 0, 60),
(205180, '1', 0, 58),
(205184, '1', 1, 90),
(205191, '1', 0, 75),
(205223, '1', 0, 100),
(205228, '1', 0, 15),
(205273, '1', 0, 100),
(205320, '1', 0, 100),
(205367, '1', 1, 60),
(205369, '1', 0, 60),
(205385, '1', 0, 75),
(205406, '1', 0, 100),
(205411, '1', 1, 104),
(205484, '1', 1, 30),
(205495, '1', 0, 100),
(205545, '1', 0, 100),
(205636, '1', 0, 15),
(205723, '1', 1, 60),
(205727, '1', 1, 58),
(206313, '1', 1, 90),
(206315, '1', 1, 75),
(206320, '1', 1, 45),
(206416, '1', 1, 106),
(206476, '1', 1, 110),
(206478, '1', 1, 99),
(206491, '1', 0, 110),
(206505, '1', 0, 30),
(206817, '1', 0, 60),
(206930, '1', 0, 1),
(206931, '1', 0, 56),
(206940, '1', 0, 60),
(206967, '1', 1, 90),
(206970, '1', 1, 75),
(206974, '1', 1, 90),
(206977, '1', 0, 100),
(207057, '1', 1, 56),
(207068, '1', 0, 100),
(207126, '1', 1, 58),
(207127, '1', 0, 100),
(207142, '1', 1, 58),
(207161, '1', 1, 60),
(207170, '1', 1, 60),
(207188, '1', 1, 75),
(207200, '1', 1, 75),
(207230, '1', 0, 90),
(207256, '1', 0, 100),
(207264, '1', 1, 56),
(207269, '1', 1, 56),
(207272, '1', 1, 90),
(207289, '1', 1, 58),
(207305, '1', 1, 58),
(207311, '1', 0, 58),
(207316, '1', 1, 60),
(207317, '1', 0, 57),
(207319, '1', 0, 75),
(207321, '1', 1, 75),
(207346, '1', 1, 90),
(207349, '1', 0, 100),
(207383, '1', 1, 15),
(207385, '1', 1, 90),
(207387, '1', 1, 50),
(207399, '1', 0, 75),
(207401, '1', 1, 75),
(207407, '1', 0, 100),
(207548, '1', 1, 99),
(207550, '1', 1, 99),
(207697, '1', 1, 100),
(207739, '1', 1, 100),
(207946, '1', 0, 100),
(207982, '1', 0, 75),
(208065, '1', 0, 100),
(208154, '1', 1, 60),
(208253, '1', 0, 100),
(209202, '1', 0, 100),
(209258, '1', 1, 110),
(209400, '1', 1, 99),
(209577, '1', 0, 100),
(209782, '1', 0, 100),
(209795, '1', 0, 104),
(210191, '1', 0, 75),
(210220, '1', 0, 100),
(210643, '1', 0, 15),
(210689, '1', 1, 100),
(210706, '1', 1, 48),
(210714, '1', 0, 100),
(210722, '1', 0, 100),
(210725, '1', 1, 90),
(210727, '1', 1, 75),
(210731, '1', 1, 75),
(210802, '1', 1, 45),
(210804, '1', 1, 100),
(210805, '1', 1, 100),
(210853, '1', 1, 60),
(211053, '1', 0, 102),
(211078, '1', 1, 57),
(211714, '1', 0, 100),
(211881, '1', 0, 108),
(212036, '1', 0, 66),
(212040, '1', 0, 66),
(212048, '1', 0, 66),
(212051, '1', 0, 66),
(212056, '1', 0, 66),
(212084, '1', 0, 108),
(212283, '1', 0, 36),
(212431, '1', 0, 60),
(212621, '1', 0, 1),
(212653, '1', 0, 30),
(212658, '1', 1, 58),
(212763, '1', 1, 75),
(213313, '1', 1, 90),
(213423, '1', 1, 60),
(213764, '1', 0, 32),
(214202, '1', 0, 30),
(214326, '1', 0, 100),
(214579, '1', 0, 100),
(214621, '1', 0, 15),
(215538, '1', 1, 90),
(215550, '1', 1, 75),
(215556, '1', 1, 15),
(215568, '1', 1, 15),
(215569, '1', 1, 45),
(215571, '1', 1, 75),
(215573, '1', 1, 90),
(215661, '1', 0, 75),
(215864, '1', 0, 30),
(216698, '1', 0, 100),
(217020, '1', 0, 30),
(217200, '1', 0, 30),
(217832, '1', 0, 100),
(217996, '1', 1, 104),
(218178, '1', 1, 30),
(218612, '1', 1, 104),
(218679, '1', 0, 108),
(219272, '1', 1, 45),
(219779, '1', 1, 75),
(219786, '1', 1, 58),
(219809, '1', 0, 60),
(220143, '1', 0, 100),
(221699, '1', 0, 58),
(223657, '1', 1, 30),
(223662, '1', 1, 60),
(223817, '1', 1, 100),
(224968, '1', 0, 100),
(227266, '1', 1, 90),
(227847, '1', 0, 65),
(228260, '1', 0, 20),
(228264, '1', 1, 20),
(228477, '1', 0, 99),
(228920, '1', 0, 100),
(231548, '1', 1, 54),
(231555, '1', 1, 54),
(231564, '1', 1, 34),
(231584, '1', 1, 48),
(231605, '1', 1, 32),
(231606, '1', 1, 42),
(231633, '1', 1, 58),
(231642, '1', 1, 52),
(231644, '1', 1, 42),
(231657, '1', 1, 42),
(231661, '1', 1, 16),
(231663, '1', 1, 42),
(231665, '1', 1, 42),
(231687, '1', 1, 36),
(231688, '1', 1, 36),
(231719, '1', 1, 42),
(231721, '1', 1, 20),
(231722, '1', 1, 70),
(231723, '1', 1, 56),
(231725, '1', 1, 38),
(231780, '1', 1, 54),
(231791, '1', 1, 26),
(231824, '1', 1, 22),
(231830, '1', 1, 28),
(231833, '1', 1, 55),
(231834, '1', 1, 34),
(231876, '1', 1, 63),
(231895, '1', 0, 100),
(232643, '1', 1, 13),
(232698, '1', 0, 12),
(232893, '1', 0, 102),
(234153, '1', 0, 13),
(234299, '1', 1, 45),
(234955, '1', 1, 44),
(235189, '1', 1, 30),
(235297, '1', 1, 30),
(235313, '1', 0, 26),
(235365, '1', 1, 30),
(235450, '1', 0, 26),
(235463, '1', 1, 30),
(235711, '1', 1, 75),
(236058, '1', 1, 75),
(236068, '1', 1, 100),
(236279, '1', 1, 75),
(236457, '1', 1, 30),
(236628, '1', 1, 15),
(236662, '1', 1, 63),
(236698, '1', 1, 60),
(237076, '1', 1, 75),
(257541, '1', 0, 60),
(263165, '1', 0, 90),
(263346, '1', 0, 45),
(263648, '1', 0, 110),
(264354, '1', 1, 15),
(265202, '1', 0, 100),
(265259, '1', 1, 15),
(265412, '1', 0, 30),
(267115, '1', 1, 15),
(269650, '1', 1, 100),
(271534, '1', 1, 78),
(278326, '1', 0, 103),
(280391, '1', 1, 75),
(280711, '1', 0, 100),
(281482, '1', 1, 90),
(285485, '1', 1, 58),
(288733, '1', 1, 30);

-- --------------------------------------------------------

--
-- Estructura de tabla para la tabla `hechizos_idiomas`
--

CREATE TABLE `hechizos_idiomas` (
  `id_hechizo` int(11) NOT NULL,
  `id_idioma` tinyint(4) NOT NULL,
  `nombre` varchar(255) NOT NULL
) ENGINE=InnoDB DEFAULT CHARSET=utf8mb4;

--
-- Volcado de datos para la tabla `hechizos_idiomas`
--

INSERT INTO `hechizos_idiomas` (`id_hechizo`, `id_idioma`, `nombre`) VALUES
(17, 1, 'Palabra de poder: escudo'),
(17, 2, 'Power Word: Shield'),
(17, 3, 'Machtwort: Schild'),
(17, 4, 'Mot de pouvoir : Bouclier'),
(53, 1, 'Puñalada'),
(53, 2, 'Backstab'),
(53, 3, 'Meucheln'),
(53, 4, 'Attaque sournoise'),
(66, 1, 'Invisibilidad'),
(66, 2, 'Invisibility'),
(66, 3, 'Unsichtbarkeit'),
(66, 4, 'Invisibilité'),
(71, 1, 'Actitud defensiva'),
(71, 2, 'Defensive Stance'),
(71, 3, 'Verteidigungshaltung'),
(71, 4, 'Posture défensive'),
(100, 1, 'Cargar'),
(100, 2, 'Charge'),
(100, 3, 'Sturmangriff'),
(100, 4, 'Charge'),
(116, 1, 'Descarga de Escarcha'),
(116, 2, 'Frostbolt'),
(116, 3, 'Frostblitz'),
(116, 4, 'Éclair de givre'),
(118, 1, 'Polimorfia'),
(118, 2, 'Polymorph'),
(118, 3, 'Verwandlung'),
(118, 4, 'Métamorphose'),
(120, 1, 'Cono de frío'),
(120, 2, 'Cone of Cold'),
(120, 3, 'Kältekegel'),
(120, 4, 'Cône de froid'),
(122, 1, 'Nova de Escarcha'),
(122, 2, 'Frost Nova'),
(122, 3, 'Frostnova'),
(122, 4, 'Nova de givre'),
(126, 1, 'Ojo de Kilrogg'),
(126, 2, 'Eye of Kilrogg'),
(126, 3, 'Auge von Kilrogg'),
(126, 4, 'Œil de Kilrogg'),
(136, 1, 'Aliviar mascota'),
(136, 2, 'Mend Pet'),
(136, 3, 'Tier heilen'),
(136, 4, 'Guérison du familier'),
(139, 1, 'Renovar'),
(139, 2, 'Renew'),
(139, 3, 'Erneuerung'),
(139, 4, 'Rénovation'),
(348, 1, 'Inmolar'),
(348, 2, 'Immolate'),
(348, 3, 'Feuerbrand'),
(348, 4, 'Immolation'),
(421, 1, 'Cadena de relámpagos'),
(421, 2, 'Chain Lightning'),
(421, 3, 'Kettenblitzschlag'),
(421, 4, 'Chaîne d\'éclairs'),
(498, 1, 'Protección divina'),
(498, 2, 'Divine Protection'),
(498, 3, 'Göttlicher Schutz'),
(498, 4, 'Protection divine'),
(586, 1, 'Desvanecerse'),
(586, 2, 'Fade'),
(586, 3, 'Verblassen'),
(586, 4, 'Disparition'),
(589, 1, 'Palabra de las Sombras: dolor'),
(589, 2, 'Shadow Word: Pain'),
(589, 3, 'Schattenwort: Schmerz'),
(589, 4, 'Mot de l’ombre : Douleur'),
(596, 1, 'Rezo de sanación'),
(596, 2, 'Prayer of Healing'),
(596, 3, 'Gebet der Heilung'),
(596, 4, 'Prière de soins'),
(605, 1, 'Control mental'),
(605, 2, 'Mind Control'),
(605, 3, 'Gedankenkontrolle'),
(605, 4, 'Contrôle mental'),
(633, 1, 'Imposición de manos'),
(633, 2, 'Lay on Hands'),
(633, 3, 'Handauflegung'),
(633, 4, 'Imposition des mains'),
(642, 1, 'Escudo divino'),
(642, 2, 'Divine Shield'),
(642, 3, 'Gottesschild'),
(642, 4, 'Bouclier divin'),
(686, 1, 'Descarga de las Sombras'),
(686, 2, 'Shadow Bolt'),
(686, 3, 'Schattenblitz'),
(686, 4, 'Trait de l\'ombre'),
(703, 1, 'Garrote'),
(703, 2, 'Garrote'),
(703, 3, 'Erdrosseln'),
(703, 4, 'Garrot'),
(710, 1, 'Desterrar'),
(710, 2, 'Banish'),
(710, 3, 'Verbannen'),
(710, 4, 'Bannir'),
(740, 1, 'Tranquilidad'),
(740, 2, 'Tranquility'),
(740, 3, 'Gelassenheit'),
(740, 4, 'Tranquillité'),
(755, 1, 'Cauce de salud'),
(755, 2, 'Health Funnel'),
(755, 3, 'Lebenslinie'),
(755, 4, 'Captation de vie'),
(768, 1, 'Forma felina'),
(768, 2, 'Cat Form'),
(768, 3, 'Katzengestalt'),
(768, 4, 'Forme de félin'),
(772, 1, 'Desgarrar'),
(772, 2, 'Rend'),
(772, 3, 'Verwunden'),
(772, 4, 'Pourfendre'),
(783, 1, 'Forma de viaje'),
(783, 2, 'Travel Form'),
(783, 3, 'Reisegestalt'),
(783, 4, 'Forme de voyage'),
(871, 1, 'Muro de escudo'),
(871, 2, 'Shield Wall'),
(871, 3, 'Schildwall'),
(871, 4, 'Mur protecteur'),
(980, 1, 'Agonía'),
(980, 2, 'Agony'),
(980, 3, 'Agonie'),
(980, 4, 'Agonie'),
(982, 1, 'Revivir mascota'),
(982, 2, 'Revive Pet'),
(982, 3, 'Tier wiederbeleben'),
(982, 4, 'Ressusciter le familier'),
(1022, 1, 'Bendición de protección'),
(1022, 2, 'Blessing of Protection'),
(1022, 3, 'Segen des Schutzes'),
(1022, 4, 'Bénédiction de protection'),
(1044, 1, 'Bendición de libertad'),
(1044, 2, 'Blessing of Freedom'),
(1044, 3, 'Segen der Freiheit'),
(1044, 4, 'Bénédiction de liberté'),
(1064, 1, 'Sanación en cadena'),
(1064, 2, 'Chain Heal'),
(1064, 3, 'Kettenheilung'),
(1064, 4, 'Salve de guérison'),
(1098, 1, 'Esclavizar demonio'),
(1098, 2, 'Enslave Demon'),
(1098, 3, 'Dämonensklave'),
(1098, 4, 'Asservissement de démon'),
(1329, 1, 'Mutilar'),
(1329, 2, 'Mutilate'),
(1329, 3, 'Verstümmeln'),
(1329, 4, 'Estropier'),
(1463, 1, 'Caudal de encantador'),
(1463, 2, 'Incanter\'s Flow'),
(1463, 3, 'Fluss des Beschwörers'),
(1463, 4, 'Flux de l’incantateur'),
(1715, 1, 'Seccionar'),
(1715, 2, 'Hamstring'),
(1715, 3, 'Kniesehne'),
(1715, 4, 'Brise-genou'),
(1752, 1, 'Golpe siniestro'),
(1752, 2, 'Sinister Strike'),
(1752, 3, 'Finsterer Stoß'),
(1752, 4, 'Attaque pernicieuse'),
(1776, 1, 'Gubia'),
(1776, 2, 'Gouge'),
(1776, 3, 'Solarplexus'),
(1776, 4, 'Suriner'),
(1822, 1, 'Arañazo'),
(1822, 2, 'Rake'),
(1822, 3, 'Krallenhieb'),
(1822, 4, 'Griffure'),
(1953, 1, 'Traslación'),
(1953, 2, 'Blink'),
(1953, 3, 'Blinzeln'),
(1953, 4, 'Transfert'),
(1966, 1, 'Amago'),
(1966, 2, 'Feint'),
(1966, 3, 'Finte'),
(1966, 4, 'Feinte'),
(2006, 1, 'Resurrección'),
(2006, 2, 'Resurrection'),
(2006, 3, 'Auferstehung'),
(2006, 4, 'Résurrection'),
(2008, 1, 'Espíritu ancestral'),
(2008, 2, 'Ancestral Spirit'),
(2008, 3, 'Geist der Ahnen'),
(2008, 4, 'Esprit ancestral'),
(2120, 1, 'Fogonazo'),
(2120, 2, 'Flamestrike'),
(2120, 3, 'Flammenstoß'),
(2120, 4, 'Choc de flammes'),
(2565, 1, 'Bloquear con escudo'),
(2565, 2, 'Shield Block'),
(2565, 3, 'Schildblock'),
(2565, 4, 'Maîtrise du blocage'),
(2643, 1, 'Multidisparo'),
(2643, 2, 'Multi-Shot'),
(2643, 3, 'Mehrfachschuss'),
(2643, 4, 'Flèches multiples'),
(2645, 1, 'Lobo fantasmal'),
(2645, 2, 'Ghost Wolf'),
(2645, 3, 'Geisterwolf'),
(2645, 4, 'Loup fantôme'),
(2823, 1, 'Veneno mortal'),
(2823, 2, 'Deadly Poison'),
(2823, 3, 'Tödliches Gift'),
(2823, 4, 'Poison mortel'),
(2825, 1, 'Ansia de sangre'),
(2825, 2, 'Bloodlust'),
(2825, 3, 'Kampfrausch'),
(2825, 4, 'Furie sanguinaire'),
(2948, 1, 'Agostar'),
(2948, 2, 'Scorch'),
(2948, 3, 'Versengen'),
(2948, 4, 'Brûlure'),
(2983, 1, 'Sprint'),
(2983, 2, 'Sprint'),
(2983, 3, 'Sprinten'),
(2983, 4, 'Sprint'),
(3127, 1, 'Parar'),
(3127, 2, 'Parry'),
(3127, 3, 'Parieren'),
(3127, 4, 'Parade'),
(3408, 1, 'Veneno entorpecedor'),
(3408, 2, 'Crippling Poison'),
(3408, 3, 'Verkrüppelndes Gift'),
(3408, 4, 'Poison affaiblissant'),
(3714, 1, 'Camino de hielo'),
(3714, 2, 'Path of Frost'),
(3714, 3, 'Eisige Pfade'),
(3714, 4, 'Passage de givre'),
(5143, 1, 'Misiles Arcanos'),
(5143, 2, 'Arcane Missiles'),
(5143, 3, 'Arkane Geschosse'),
(5143, 4, 'Projectiles des Arcanes'),
(5171, 1, 'Hacer picadillo'),
(5171, 2, 'Slice and Dice'),
(5171, 3, 'Zerhäckseln'),
(5171, 4, 'Débiter'),
(5217, 1, 'Furia del tigre'),
(5217, 2, 'Tiger\'s Fury'),
(5217, 3, 'Tigerfuror'),
(5217, 4, 'Fureur du tigre'),
(5221, 1, 'Triturar'),
(5221, 2, 'Shred'),
(5221, 3, 'Schreddern'),
(5221, 4, 'Lambeau'),
(5308, 1, 'Ejecutar'),
(5308, 2, 'Execute'),
(5308, 3, 'Hinrichten'),
(5308, 4, 'Exécution'),
(5384, 1, 'Fingir muerte'),
(5384, 2, 'Feign Death'),
(5384, 3, 'Totstellen'),
(5384, 4, 'Feindre la mort'),
(5394, 1, 'Tótem Corriente de sanación'),
(5394, 2, 'Healing Stream Totem'),
(5394, 3, 'Totem des heilenden Flusses'),
(5394, 4, 'Totem guérisseur'),
(5487, 1, 'Forma de oso'),
(5487, 2, 'Bear Form'),
(5487, 3, 'Bärengestalt'),
(5487, 4, 'Forme d\'ours'),
(5697, 1, 'Aliento inagotable'),
(5697, 2, 'Unending Breath'),
(5697, 3, 'Unendlicher Atem'),
(5697, 4, 'Respiration interminable'),
(5740, 1, 'Lluvia de Fuego'),
(5740, 2, 'Rain of Fire'),
(5740, 3, 'Feuerregen'),
(5740, 4, 'Pluie de feu'),
(6197, 1, 'Ojo de águila'),
(6197, 2, 'Eagle Eye'),
(6197, 3, 'Adlerauge'),
(6197, 4, 'Oeil d\'aigle'),
(6343, 1, 'Atronar'),
(6343, 2, 'Thunder Clap'),
(6343, 3, 'Donnerknall'),
(6343, 4, 'Coup de tonnerre'),
(6544, 1, 'Salto heroico'),
(6544, 2, 'Heroic Leap'),
(6544, 3, 'Heldenhafter Sprung'),
(6544, 4, 'Bond héroïque'),
(6572, 1, 'Revancha'),
(6572, 2, 'Revenge'),
(6572, 3, 'Rache'),
(6572, 4, 'Revanche'),
(6789, 1, 'Espiral mortal'),
(6789, 2, 'Mortal Coil'),
(6789, 3, 'Weltliche Ängste'),
(6789, 4, 'Voile de mort'),
(6940, 1, 'Bendición de sacrificio'),
(6940, 2, 'Blessing of Sacrifice'),
(6940, 3, 'Segen der Aufopferung'),
(6940, 4, 'Bénédiction de sacrifice'),
(6991, 1, 'Alimentar mascota'),
(6991, 2, 'Feed Pet'),
(6991, 3, 'Tier füttern'),
(6991, 4, 'Nourrir le familier'),
(7328, 1, 'Redención'),
(7328, 2, 'Redemption'),
(7328, 3, 'Erlösung'),
(7328, 4, 'Rédemption'),
(7384, 1, 'Abrumar'),
(7384, 2, 'Overpower'),
(7384, 3, 'Überwältigen'),
(7384, 4, 'Fulgurance'),
(8042, 1, 'Choque de tierra'),
(8042, 2, 'Earth Shock'),
(8042, 3, 'Erdschock'),
(8042, 4, 'Horion de terre'),
(8676, 1, 'Emboscada'),
(8676, 2, 'Ambush'),
(8676, 3, 'Hinterhalt'),
(8676, 4, 'Embuscade'),
(8679, 1, 'Veneno hiriente'),
(8679, 2, 'Wound Poison'),
(8679, 3, 'Wundgift'),
(8679, 4, 'Poison douloureux'),
(8921, 1, 'Fuego lunar'),
(8921, 2, 'Moonfire'),
(8921, 3, 'Mondfeuer'),
(8921, 4, 'Eclat lunaire'),
(8936, 1, 'Recrecimiento'),
(8936, 2, 'Regrowth'),
(8936, 3, 'Nachwachsen'),
(8936, 4, 'Rétablissement'),
(9484, 1, 'Encadenar no-muerto'),
(9484, 2, 'Shackle Undead'),
(9484, 3, 'Untote fesseln'),
(9484, 4, 'Entraves des Morts-vivants'),
(11426, 1, 'Barrera de hielo'),
(11426, 2, 'Ice Barrier'),
(11426, 3, 'Eisbarriere'),
(11426, 4, 'Barrière de glace'),
(12042, 1, 'Poder Arcano'),
(12042, 2, 'Arcane Power'),
(12042, 3, 'Arkane Macht'),
(12042, 4, 'Pouvoir des Arcanes'),
(12292, 1, 'Baño de sangre'),
(12292, 2, 'Bloodbath'),
(12292, 3, 'Blutbad'),
(12292, 4, 'Bain de sang'),
(12472, 1, 'Venas heladas'),
(12472, 2, 'Icy Veins'),
(12472, 3, 'Eisige Adern'),
(12472, 4, 'Veines glaciales'),
(12950, 1, 'Torbellino'),
(12950, 2, 'Whirlwind'),
(12950, 3, 'Wirbelwind'),
(12950, 4, 'Tourbillon'),
(12975, 1, 'Última carga'),
(12975, 2, 'Last Stand'),
(12975, 3, 'Letztes Gefecht'),
(12975, 4, 'Dernier rempart'),
(13750, 1, 'Subidón de adrenalina'),
(13750, 2, 'Adrenaline Rush'),
(13750, 3, 'Adrenalinrausch'),
(13750, 4, 'Poussée d\'adrénaline'),
(13877, 1, 'Aluvión de acero'),
(13877, 2, 'Blade Flurry'),
(13877, 3, 'Klingenwirbel'),
(13877, 4, 'Déluge de lames'),
(14062, 1, 'Acechador nocturno'),
(14062, 2, 'Nightstalker'),
(14062, 3, 'Nachtpirscher'),
(14062, 4, 'Traqueur nocturne'),
(14914, 1, 'Fuego Sagrado'),
(14914, 2, 'Holy Fire'),
(14914, 3, 'Heiliges Feuer'),
(14914, 4, 'Flammes sacrées'),
(15286, 1, 'Abrazo vampírico'),
(15286, 2, 'Vampiric Embrace'),
(15286, 3, 'Vampirumarmung'),
(15286, 4, 'Étreinte vampirique'),
(15407, 1, 'Tortura mental'),
(15407, 2, 'Mind Flay'),
(15407, 3, 'Gedankenschinden'),
(15407, 4, 'Fouet mental'),
(15487, 1, 'Silencio'),
(15487, 2, 'Silence'),
(15487, 3, 'Stille'),
(15487, 4, 'Silence'),
(16196, 1, 'Resurgimiento'),
(16196, 2, 'Resurgence'),
(16196, 3, 'Rückstrom'),
(16196, 4, 'Résurgence'),
(16511, 1, 'Hemorragia'),
(16511, 2, 'Hemorrhage'),
(16511, 3, 'Blutsturz'),
(16511, 4, 'Hémorragie'),
(16864, 1, 'Augurio de claridad'),
(16864, 2, 'Omen of Clarity'),
(16864, 3, 'Omen der Klarsicht'),
(16864, 4, 'Augure de clarté'),
(16931, 1, 'Pellejo grueso'),
(16931, 2, 'Thick Hide'),
(16931, 3, 'Dickes Fell'),
(16931, 4, 'Peau épaisse'),
(16974, 1, 'Presteza de depredador'),
(16974, 2, 'Predatory Swiftness'),
(16974, 3, 'Schnelligkeit des Raubtiers'),
(16974, 4, 'Rapidité du prédateur'),
(17877, 1, 'Quemadura de las Sombras'),
(17877, 2, 'Shadowburn'),
(17877, 3, 'Schattenbrand'),
(17877, 4, 'Brûlure de l’ombre'),
(17962, 1, 'Conflagrar'),
(17962, 2, 'Conflagrate'),
(17962, 3, 'Feuersbrunst'),
(17962, 4, 'Conflagration'),
(19236, 1, 'Rezo desesperado'),
(19236, 2, 'Desperate Prayer'),
(19236, 3, 'Verzweifeltes Gebet'),
(19236, 4, 'Prière du désespoir'),
(19386, 1, 'Picadura de dracoleón'),
(19386, 2, 'Wyvern Sting'),
(19386, 3, 'Wyverngift'),
(19386, 4, 'Piqûre de wyverne'),
(19574, 1, 'Cólera de las bestias'),
(19574, 2, 'Bestial Wrath'),
(19574, 3, 'Zorn des Wildtiers'),
(19574, 4, 'Courroux bestial'),
(19577, 1, 'Intimidación'),
(19577, 2, 'Intimidation'),
(19577, 3, 'Einschüchterung'),
(19577, 4, 'Intimidation'),
(20066, 1, 'Arrepentimiento'),
(20066, 2, 'Repentance'),
(20066, 3, 'Buße'),
(20066, 4, 'Repentir'),
(20473, 1, 'Choque Sagrado'),
(20473, 2, 'Holy Shock'),
(20473, 3, 'Heiliger Schock'),
(20473, 4, 'Horion sacré'),
(20484, 1, 'Renacer'),
(20484, 2, 'Rebirth'),
(20484, 3, 'Wiedergeburt'),
(20484, 4, 'Renaissance'),
(20707, 1, 'Piedra de alma'),
(20707, 2, 'Soulstone'),
(20707, 3, 'Seelenstein'),
(20707, 4, 'Pierre d’âme'),
(21562, 1, 'Palabra de poder: entereza'),
(21562, 2, 'Power Word: Fortitude'),
(21562, 3, 'Machtwort: Seelenstärke'),
(21562, 4, 'Mot de pouvoir : Robustesse'),
(22570, 1, 'Amputar'),
(22570, 2, 'Maim'),
(22570, 3, 'Zerfleddern'),
(22570, 4, 'Estropier'),
(22812, 1, 'Piel de corteza'),
(22812, 2, 'Barkskin'),
(22812, 3, 'Baumrinde'),
(22812, 4, 'Ecorce'),
(22842, 1, 'Regeneración frenética'),
(22842, 2, 'Frenzied Regeneration'),
(22842, 3, 'Rasende Regeneration'),
(22842, 4, 'Régénération frénétique'),
(23881, 1, 'Sed de sangre'),
(23881, 2, 'Bloodthirst'),
(23881, 3, 'Blutdurst'),
(23881, 4, 'Sanguinaire'),
(23920, 1, 'Reflejo de hechizos'),
(23920, 2, 'Spell Reflection'),
(23920, 3, 'Zauberreflexion'),
(23920, 4, 'Renvoi de sort'),
(23922, 1, 'Embate con escudo'),
(23922, 2, 'Shield Slam'),
(23922, 3, 'Schildschlag'),
(23922, 4, 'Heurt de bouclier'),
(24858, 1, 'Forma de lechúcico lunar'),
(24858, 2, 'Moonkin Form'),
(24858, 3, 'Mondkingestalt'),
(24858, 4, 'Forme de sélénien'),
(26573, 1, 'Consagración'),
(26573, 2, 'Consecration'),
(26573, 3, 'Weihe'),
(26573, 4, 'Consécration'),
(27243, 1, 'Semilla de corrupción'),
(27243, 2, 'Seed of Corruption'),
(27243, 3, 'Saat der Verderbnis'),
(27243, 4, 'Graine de Corruption'),
(29144, 1, 'Centinela inquebrantable'),
(29144, 2, 'Unwavering Sentinel'),
(29144, 3, 'Unnachgiebiger Wächter'),
(29144, 4, 'Sentinelle inébranlable'),
(29166, 1, 'Estimular'),
(29166, 2, 'Innervate'),
(29166, 3, 'Anregen'),
(29166, 4, 'Innervation'),
(29838, 1, 'Segundo aliento'),
(29838, 2, 'Second Wind'),
(29838, 3, 'Kräfte sammeln'),
(29838, 4, 'Second souffle'),
(30108, 1, 'Aflicción inestable'),
(30108, 2, 'Unstable Affliction'),
(30108, 3, 'Instabiles Gebrechen'),
(30108, 4, 'Affliction instable'),
(30451, 1, 'Explosión Arcana'),
(30451, 2, 'Arcane Blast'),
(30451, 3, 'Arkanschlag'),
(30451, 4, 'Déflagration des Arcanes'),
(30455, 1, 'Lanza de hielo'),
(30455, 2, 'Ice Lance'),
(30455, 3, 'Eislanze'),
(30455, 4, 'Javelot de glace'),
(31224, 1, 'Capa de las Sombras'),
(31224, 2, 'Cloak of Shadows'),
(31224, 3, 'Mantel der Schatten'),
(31224, 4, 'Cape d\'ombre'),
(31230, 1, 'Burlar a la muerte'),
(31230, 2, 'Cheat Death'),
(31230, 3, 'Von der Schippe springen'),
(31230, 4, 'Trompe-la-mort'),
(31661, 1, 'Aliento de dragón'),
(31661, 2, 'Dragon\'s Breath'),
(31661, 3, 'Drachenodem'),
(31661, 4, 'Souffle du dragon'),
(31842, 1, 'Cólera vengativa'),
(31842, 2, 'Avenging Wrath'),
(31842, 3, 'Zornige Vergeltung'),
(31842, 4, 'Courroux vengeur'),
(31850, 1, 'Defensor candente'),
(31850, 2, 'Ardent Defender'),
(31850, 3, 'Unermüdlicher Verteidiger'),
(31850, 4, 'Ardent défenseur'),
(31884, 1, 'Cólera vengativa'),
(31884, 2, 'Avenging Wrath'),
(31884, 3, 'Zornige Vergeltung'),
(31884, 4, 'Courroux vengeur'),
(31935, 1, 'Escudo de vengador'),
(31935, 2, 'Avenger\'s Shield'),
(31935, 3, 'Schild des Rächers'),
(31935, 4, 'Bouclier du vengeur'),
(32182, 1, 'Heroísmo'),
(32182, 2, 'Heroism'),
(32182, 3, 'Heldentum'),
(32182, 4, 'Héroïsme'),
(32223, 1, 'Corazón del cruzado'),
(32223, 2, 'Heart of the Crusader'),
(32223, 3, 'Herz des Kreuzfahrers'),
(32223, 4, 'Cœur du Croisé'),
(32375, 1, 'Disipación en masa'),
(32375, 2, 'Mass Dispel'),
(32375, 3, 'Massenbannung'),
(32375, 4, 'Dissipation de masse'),
(32379, 1, 'Palabra de las Sombras: muerte'),
(32379, 2, 'Shadow Word: Death'),
(32379, 3, 'Schattenwort: Tod'),
(32379, 4, 'Mot de l’ombre : Mort'),
(32645, 1, 'Envenenar'),
(32645, 2, 'Envenom'),
(32645, 3, 'Vergiften'),
(32645, 4, 'Envenimer'),
(33076, 1, 'Rezo de alivio'),
(33076, 2, 'Prayer of Mending'),
(33076, 3, 'Gebet der Besserung'),
(33076, 4, 'Prière de guérison'),
(33206, 1, 'Supresión de dolor'),
(33206, 2, 'Pain Suppression'),
(33206, 3, 'Schmerzunterdrückung'),
(33206, 4, 'Suppression de la douleur'),
(33891, 1, 'Encarnación: Árbol de vida'),
(33891, 2, 'Incarnation: Tree of Life'),
(33891, 3, 'Inkarnation: Baum des Lebens'),
(33891, 4, 'Incarnation : Arbre de vie'),
(33917, 1, 'Destrozar'),
(33917, 2, 'Mangle'),
(33917, 3, 'Zerfleischen'),
(33917, 4, 'Mutilation'),
(34026, 1, 'Matar'),
(34026, 2, 'Kill Command'),
(34026, 3, 'Tötungsbefehl'),
(34026, 4, 'Ordre de tuer'),
(34428, 1, 'Ataque de la victoria'),
(34428, 2, 'Victory Rush'),
(34428, 3, 'Siegesrausch'),
(34428, 4, 'Ivresse de la victoire'),
(34433, 1, 'Maligno de las Sombras'),
(34433, 2, 'Shadowfiend'),
(34433, 3, 'Schattengeist'),
(34433, 4, 'Ombrefiel'),
(34477, 1, 'Redirección'),
(34477, 2, 'Misdirection'),
(34477, 3, 'Irreführung'),
(34477, 4, 'Détournement'),
(34914, 1, 'Toque vampírico'),
(34914, 2, 'Vampiric Touch'),
(34914, 3, 'Vampirberührung'),
(34914, 4, 'Toucher vampirique'),
(42650, 1, 'Ejército de muertos'),
(42650, 2, 'Army of the Dead'),
(42650, 3, 'Armee der Toten'),
(42650, 4, 'Armée des morts'),
(43265, 1, 'Muerte y descomposición'),
(43265, 2, 'Death and Decay'),
(43265, 3, 'Tod und Verfall'),
(43265, 4, 'Mort et décomposition'),
(44425, 1, 'Tromba Arcana'),
(44425, 2, 'Arcane Barrage'),
(44425, 3, 'Arkanbeschuss'),
(44425, 4, 'Barrage des Arcanes'),
(44457, 1, 'Bomba viva'),
(44457, 2, 'Living Bomb'),
(44457, 3, 'Lebende Bombe'),
(44457, 4, 'Bombe vivante'),
(44614, 1, 'Aluvión'),
(44614, 2, 'Flurry'),
(44614, 3, 'Hagel'),
(44614, 4, 'Rafale'),
(45243, 1, 'Voluntad centrada'),
(45243, 2, 'Focused Will'),
(45243, 3, 'Fokussierter Wille'),
(45243, 4, 'Volonté focalisée'),
(45438, 1, 'Bloque de hielo'),
(45438, 2, 'Ice Block'),
(45438, 3, 'Eisblock'),
(45438, 4, 'Bloc de glace'),
(46917, 1, 'Empuñadura de titán'),
(46917, 2, 'Titan\'s Grip'),
(46917, 3, 'Titanengriff'),
(46917, 4, 'Poigne du titan'),
(46924, 1, 'Filotormenta'),
(46924, 2, 'Bladestorm'),
(46924, 3, 'Klingensturm'),
(46924, 4, 'Tempête de lames'),
(46953, 1, 'Escudo y espada'),
(46953, 2, 'Sword and Board'),
(46953, 3, 'Schwert und Schild'),
(46953, 4, 'Epée et bouclier'),
(47536, 1, 'Éxtasis'),
(47536, 2, 'Rapture'),
(47536, 3, 'Euphorie'),
(47536, 4, 'Extase'),
(47540, 1, 'Penitencia'),
(47540, 2, 'Penance'),
(47540, 3, 'Sühne'),
(47540, 4, 'Pénitence'),
(47568, 1, 'Potenciar arma de runas'),
(47568, 2, 'Empower Rune Weapon'),
(47568, 3, 'Runenwaffe verstärken'),
(47568, 4, 'Renforcer l\'arme runique'),
(47585, 1, 'Dispersión'),
(47585, 2, 'Dispersion'),
(47585, 3, 'Dispersion'),
(47585, 4, 'Dispersion'),
(47788, 1, 'Espíritu guardián'),
(47788, 2, 'Guardian Spirit'),
(47788, 3, 'Schutzgeist'),
(47788, 4, 'Esprit gardien'),
(48045, 1, 'Abrasamiento mental'),
(48045, 2, 'Mind Sear'),
(48045, 3, 'Gedankenexplosion'),
(48045, 4, 'Incandescence mentale'),
(48263, 1, 'Veterano de la Tercera Guerra'),
(48263, 2, 'Veteran of the Third War'),
(48263, 3, 'Veteran des Dritten Krieges'),
(48263, 4, 'Vétéran de la troisième guerre'),
(48438, 1, 'Crecimiento salvaje'),
(48438, 2, 'Wild Growth'),
(48438, 3, 'Wildwuchs'),
(48438, 4, 'Croissance sauvage'),
(48707, 1, 'Caparazón antimagia'),
(48707, 2, 'Anti-Magic Shell'),
(48707, 3, 'Antimagische Hülle'),
(48707, 4, 'Carapace anti-magie'),
(49028, 1, 'Arma de runa danzante'),
(49028, 2, 'Dancing Rune Weapon'),
(49028, 3, 'Tanzende Runenwaffe'),
(49028, 4, 'Arme runique dansante'),
(49184, 1, 'Explosión aullante'),
(49184, 2, 'Howling Blast'),
(49184, 3, 'Heulende Böe'),
(49184, 4, 'Rafale hurlante'),
(49206, 1, 'Invocar gárgola'),
(49206, 2, 'Summon Gargoyle'),
(49206, 3, 'Gargoyle beschwören'),
(49206, 4, 'Invocation d\'une gargouille'),
(49998, 1, 'Golpe letal'),
(49998, 2, 'Death Strike'),
(49998, 3, 'Todesstoß'),
(49998, 4, 'Frappe de mort'),
(50769, 1, 'Revivir'),
(50769, 2, 'Revive'),
(50769, 3, 'Wiederbeleben'),
(50769, 4, 'Ressusciter'),
(50842, 1, 'Hervor de sangre'),
(50842, 2, 'Blood Boil'),
(50842, 3, 'Siedendes Blut'),
(50842, 4, 'Furoncle sanglant'),
(51271, 1, 'Pilar de Escarcha'),
(51271, 2, 'Pillar of Frost'),
(51271, 3, 'Säule des Frosts'),
(51271, 4, 'Pilier de givre'),
(51462, 1, 'Corrupción rúnica'),
(51462, 2, 'Runic Corruption'),
(51462, 3, 'Runenverderbnis'),
(51462, 4, 'Corruption runique'),
(51490, 1, 'Tormenta de truenos'),
(51490, 2, 'Thunderstorm'),
(51490, 3, 'Gewitter'),
(51490, 4, 'Orage'),
(51505, 1, 'Ráfaga de lava'),
(51505, 2, 'Lava Burst'),
(51505, 3, 'Lavaeruption'),
(51505, 4, 'Explosion de lave'),
(51533, 1, 'Espíritu feral'),
(51533, 2, 'Feral Spirit'),
(51533, 3, 'Wildgeist'),
(51533, 4, 'Esprit farouche'),
(51564, 1, 'Maremotos'),
(51564, 2, 'Tidal Waves'),
(51564, 3, 'Flutwellen'),
(51564, 4, 'Raz-de-marée'),
(51690, 1, 'Asesinato múltiple'),
(51690, 2, 'Killing Spree'),
(51690, 3, 'Mordlust'),
(51690, 4, 'Série meurtrière'),
(51723, 1, 'Abanico de cuchillos'),
(51723, 2, 'Fan of Knives'),
(51723, 3, 'Dolchfächer'),
(51723, 4, 'Eventail de couteaux'),
(52610, 1, 'Rugido salvaje'),
(52610, 2, 'Savage Roar'),
(52610, 3, 'Wildes Brüllen'),
(52610, 4, 'Rugissement sauvage'),
(53209, 1, 'Disparo de quimera'),
(53209, 2, 'Chimaera Shot'),
(53209, 3, 'Schimärenschuss'),
(53209, 4, 'Tir de la chimère'),
(53376, 1, 'Cólera santificada'),
(53376, 2, 'Sanctified Wrath'),
(53376, 3, 'Geweihter Zorn'),
(53376, 4, 'Courroux sanctifié'),
(53563, 1, 'Señal de la Luz'),
(53563, 2, 'Beacon of Light'),
(53563, 3, 'Flamme des Glaubens'),
(53563, 4, 'Guide de lumière'),
(53576, 1, 'Infusión de Luz'),
(53576, 2, 'Infusion of Light'),
(53576, 3, 'Lichtinfusion'),
(53576, 4, 'Imprégnation de lumière'),
(53600, 1, 'Escudo del honrado'),
(53600, 2, 'Shield of the Righteous'),
(53600, 3, 'Schild der Rechtschaffenen'),
(53600, 4, 'Bouclier du vertueux'),
(55090, 1, 'Golpe de la Plaga'),
(55090, 2, 'Scourge Strike'),
(55090, 3, 'Geißelstoß'),
(55090, 4, 'Frappe du Fléau'),
(55233, 1, 'Sangre vampírica'),
(55233, 2, 'Vampiric Blood'),
(55233, 3, 'Vampirblut'),
(55233, 4, 'Sang vampirique'),
(56377, 1, 'Hielo fragmentado'),
(56377, 2, 'Splitting Ice'),
(56377, 3, 'Zersplitterndes Eis'),
(56377, 4, 'Bris de glace'),
(57330, 1, 'Cuerno de invierno'),
(57330, 2, 'Horn of Winter'),
(57330, 3, 'Horn des Winters'),
(57330, 4, 'Cor de l’hiver'),
(57755, 1, 'Lanzamiento heroico'),
(57755, 2, 'Heroic Throw'),
(57755, 3, 'Heldenhafter Wurf'),
(57755, 4, 'Lancer héroïque'),
(57934, 1, 'Secretos del oficio'),
(57934, 2, 'Tricks of the Trade'),
(57934, 3, 'Schurkenhandel'),
(57934, 4, 'Ficelles du métier'),
(58875, 1, 'Camino de espíritu'),
(58875, 2, 'Spirit Walk'),
(58875, 3, 'Geisterpfoten'),
(58875, 4, 'Marche de l\'esprit'),
(59057, 1, 'Helada blanca'),
(59057, 2, 'Rime'),
(59057, 3, 'Raureif'),
(59057, 4, 'Frimas'),
(61295, 1, 'Mareas vivas'),
(61295, 2, 'Riptide'),
(61295, 3, 'Springflut'),
(61295, 4, 'Remous'),
(61336, 1, 'Instintos de supervivencia'),
(61336, 2, 'Survival Instincts'),
(61336, 3, 'Überlebensinstinkte'),
(61336, 4, 'Instincts de survie'),
(61882, 1, 'Terremoto'),
(61882, 2, 'Earthquake'),
(61882, 3, 'Erdbeben'),
(61882, 4, 'Séisme'),
(61999, 1, 'Levantar a aliado'),
(61999, 2, 'Raise Ally'),
(61999, 3, 'Verbündeten erwecken'),
(61999, 4, 'Réanimation d\'un allié'),
(62618, 1, 'Palabra de poder: barrera'),
(62618, 2, 'Power Word: Barrier'),
(62618, 3, 'Machtwort: Barriere'),
(62618, 4, 'Mot de pouvoir : Barrière'),
(63106, 1, 'Succionar vida'),
(63106, 2, 'Siphon Life'),
(63106, 3, 'Lebensentzug'),
(63106, 4, 'Siphon de vie'),
(63560, 1, 'Transformación oscura'),
(63560, 2, 'Dark Transformation'),
(63560, 3, 'Dunkle Transformation'),
(63560, 4, 'Sombre transformation'),
(64843, 1, 'Himno divino'),
(64843, 2, 'Divine Hymn'),
(64843, 3, 'Gotteshymne'),
(64843, 4, 'Hymne divin'),
(64901, 1, 'Símbolo de esperanza'),
(64901, 2, 'Symbol of Hope'),
(64901, 3, 'Symbol der Hoffnung'),
(64901, 4, 'Symbole d’espoir'),
(73685, 1, 'Desatar vida'),
(73685, 2, 'Unleash Life'),
(73685, 3, 'Leben entfesseln'),
(73685, 4, 'Déchaînement de la vie'),
(73920, 1, 'Lluvia de sanación'),
(73920, 2, 'Healing Rain'),
(73920, 3, 'Heilender Regen'),
(73920, 4, 'Pluie guérisseuse'),
(76657, 1, 'Maestría: Maestro de bestias'),
(76657, 2, 'Mastery: Master of Beasts'),
(76657, 3, 'Meisterschaft: Herr der Tiere'),
(76657, 4, 'Maîtrise : Maître des bêtes'),
(76671, 1, 'Maestría: Baluarte divino'),
(76671, 2, 'Mastery: Divine Bulwark'),
(76671, 3, 'Meisterschaft: Göttliches Bollwerk'),
(76671, 4, 'Maîtrise : Rempart divin'),
(76672, 1, 'Maestría: Sentencia divina'),
(76672, 2, 'Mastery: Divine Judgment'),
(76672, 3, 'Meisterschaft: Göttliches Urteil'),
(76672, 4, 'Maîtrise : Jugement divin'),
(77219, 1, 'Maestría: Maestro demonólogo'),
(77219, 2, 'Mastery: Master Demonologist'),
(77219, 3, 'Meisterschaft: Meister der Dämonologie'),
(77219, 4, 'Maîtrise : Maître démonologue'),
(77220, 1, 'Maestría: Energías caóticas'),
(77220, 2, 'Mastery: Chaotic Energies'),
(77220, 3, 'Meisterschaft: Chaotische Energien'),
(77220, 4, 'Maîtrise : Énergies chaotiques'),
(77485, 1, 'Maestría: Eco de Luz'),
(77485, 2, 'Mastery: Echo of Light'),
(77485, 3, 'Meisterschaft: Echo des Lichts'),
(77485, 4, 'Maîtrise : Écho de la Lumière'),
(77495, 1, 'Maestría: Armonía'),
(77495, 2, 'Mastery: Harmony'),
(77495, 3, 'Meisterschaft: Harmonie'),
(77495, 4, 'Maîtrise : Harmonie'),
(77575, 1, 'Brote'),
(77575, 2, 'Outbreak'),
(77575, 3, 'Ausbruch'),
(77575, 4, 'Poussée de fièvre'),
(77756, 1, 'Oleada de lava'),
(77756, 2, 'Lava Surge'),
(77756, 3, 'Lavasog'),
(77756, 4, 'Vague de lave'),
(78203, 1, 'Apariciones sombrías'),
(78203, 2, 'Shadowy Apparitions'),
(78203, 3, 'Schattenhafte Erscheinungen'),
(78203, 4, 'Apparitions ténébreuses'),
(78674, 1, 'Oleada de estrellas'),
(78674, 2, 'Starsurge'),
(78674, 3, 'Sternensog'),
(78674, 4, 'Éruption stellaire'),
(79008, 1, 'Elusión'),
(79008, 2, 'Elusiveness'),
(79008, 3, 'Flüchtigkeit'),
(79008, 4, 'Insaisissable'),
(79152, 1, 'Recuperación enérgica'),
(79152, 2, 'Energetic Recovery'),
(79152, 3, 'Energetische Erholung'),
(79152, 4, 'Récupération énergétique'),
(79206, 1, 'Gracia del caminaespíritus'),
(79206, 2, 'Spiritwalker\'s Grace'),
(79206, 3, 'Gunst des Geistwandlers'),
(79206, 4, 'Grâce du marcheur des esprits'),
(80240, 1, 'Estragos'),
(80240, 2, 'Havoc'),
(80240, 3, 'Verwüstung'),
(80240, 4, 'Tumulte'),
(80313, 1, 'Pulverizar'),
(80313, 2, 'Pulverize'),
(80313, 3, 'Pulverisieren'),
(80313, 4, 'Pulvérisation'),
(80353, 1, 'Distorsión temporal'),
(80353, 2, 'Time Warp'),
(80353, 3, 'Zeitkrümmung'),
(80353, 4, 'Distorsion temporelle'),
(81229, 1, 'Potenciación rúnica'),
(81229, 2, 'Runic Empowerment'),
(81229, 3, 'Runenauffrischung'),
(81229, 4, 'Renforcement runique'),
(81749, 1, 'Expiación'),
(81749, 2, 'Atonement'),
(81749, 3, 'Abbitte'),
(81749, 4, 'Expiation'),
(82245, 1, 'Parar'),
(82245, 2, 'Parry'),
(82245, 3, 'Parieren'),
(82245, 4, 'Parade'),
(84608, 1, 'Bastión de defensa'),
(84608, 2, 'Bastion of Defense'),
(84608, 3, 'Verteidigungsbastion'),
(84608, 4, 'Bastion de défense'),
(84714, 1, 'Orbe congelado'),
(84714, 2, 'Frozen Orb'),
(84714, 3, 'Gefrorene Kugel'),
(84714, 4, 'Orbe gelé'),
(85043, 1, 'Gran cruzado'),
(85043, 2, 'Grand Crusader'),
(85043, 3, 'Oberster Kreuzfahrer'),
(85043, 4, 'Grand croisé'),
(85288, 1, 'Arremetida enfurecida'),
(85288, 2, 'Raging Blow'),
(85288, 3, 'Wütender Schlag'),
(85288, 4, 'Coup déchaîné'),
(85948, 1, 'Golpe purulento'),
(85948, 2, 'Festering Strike'),
(85948, 3, 'Schwärender Stoß'),
(85948, 4, 'Frappe purulente'),
(86659, 1, 'Guardián de los antiguos reyes'),
(86659, 2, 'Guardian of Ancient Kings'),
(86659, 3, 'Wächter der Uralten Könige'),
(86659, 4, 'Gardien des anciens rois'),
(87935, 1, 'Picadura de serpiente'),
(87935, 2, 'Serpent Sting'),
(87935, 3, 'Schlangengift'),
(87935, 4, 'Morsure de serpent'),
(88625, 1, 'Palabra sagrada: condena'),
(88625, 2, 'Holy Word: Chastise'),
(88625, 3, 'Segenswort: Züchtigung'),
(88625, 4, 'Mot sacré : Châtier'),
(93402, 1, 'Fuego solar'),
(93402, 2, 'Sunfire'),
(93402, 3, 'Sonnenfeuer'),
(93402, 4, 'Éclat solaire'),
(97462, 1, 'Grito de orden'),
(97462, 2, 'Commanding Shout'),
(97462, 3, 'Befehlsruf'),
(97462, 4, 'Cri de commandement'),
(98008, 1, 'Tótem Enlace de espíritu'),
(98008, 2, 'Spirit Link Totem'),
(98008, 3, 'Totem der Geistverbindung'),
(98008, 4, 'Totem de lien d\'esprit'),
(101545, 1, 'Patada del dragón volador'),
(101545, 2, 'Flying Serpent Kick'),
(101545, 3, 'Fliegender Schlangentritt'),
(101545, 4, 'Coup du serpent volant'),
(101643, 1, 'Transcendencia'),
(101643, 2, 'Transcendence'),
(101643, 3, 'Transzendenz'),
(101643, 4, 'Transcendance'),
(102351, 1, 'Resguardo de Cenarius'),
(102351, 2, 'Cenarion Ward'),
(102351, 3, 'Cenarischer Zauberschutz'),
(102351, 4, 'Protection cénarienne'),
(102543, 1, 'Encarnación: Rey de la selva'),
(102543, 2, 'Incarnation: King of the Jungle'),
(102543, 3, 'Inkarnation: König des Dschungels'),
(102543, 4, 'Incarnation : Roi de la jungle'),
(103827, 1, 'Doble carga'),
(103827, 2, 'Double Time'),
(103827, 3, 'Doppelt hält besser'),
(103827, 4, 'Doublement'),
(104773, 1, 'Resolución inagotable'),
(104773, 2, 'Unending Resolve'),
(104773, 3, 'Erbarmungslose Entschlossenheit'),
(104773, 4, 'Résolution interminable'),
(106832, 1, 'Vapulear'),
(106832, 2, 'Thrash'),
(106832, 3, 'Hauen'),
(106832, 4, 'Rosser'),
(106898, 1, 'Rugido de estampida'),
(106898, 2, 'Stampeding Roar'),
(106898, 3, 'Anstachelndes Gebrüll'),
(106898, 4, 'Ruée rugissante'),
(107574, 1, 'Avatar'),
(107574, 2, 'Avatar'),
(107574, 3, 'Avatar'),
(107574, 4, 'Avatar'),
(108271, 1, 'Cambio astral'),
(108271, 2, 'Astral Shift'),
(108271, 3, 'Astralverschiebung'),
(108271, 4, 'Transfert astral'),
(108280, 1, 'Tótem de Marea de sanación'),
(108280, 2, 'Healing Tide Totem'),
(108280, 3, 'Totem der Heilungsflut'),
(108280, 4, 'Totem de marée de soins'),
(108416, 1, 'Pacto oscuro'),
(108416, 2, 'Dark Pact'),
(108416, 3, 'Dunkler Pakt'),
(108416, 4, 'Sombre pacte'),
(108503, 1, 'Grimorio de sacrificio'),
(108503, 2, 'Grimoire of Sacrifice'),
(108503, 3, 'Grimoire der Opferung'),
(108503, 4, 'Grimoire de sacrifice'),
(108853, 1, 'Explosión de Fuego'),
(108853, 2, 'Fire Blast'),
(108853, 3, 'Feuerschlag'),
(108853, 4, 'Trait de feu'),
(109142, 1, 'Giro del destino'),
(109142, 2, 'Twist of Fate'),
(109142, 3, 'Schicksalshafte Wendung'),
(109142, 4, 'Tour du destin'),
(109215, 1, 'Inmediatez'),
(109215, 2, 'Posthaste'),
(109215, 3, 'Impromptu'),
(109215, 4, 'A toute allure'),
(109248, 1, 'Disparo vinculante'),
(109248, 2, 'Binding Shot'),
(109248, 3, 'Bindender Schuss'),
(109248, 4, 'Tir de lien'),
(110744, 1, 'Estrella divina'),
(110744, 2, 'Divine Star'),
(110744, 3, 'Göttlicher Stern'),
(110744, 4, 'Etoile divine'),
(110959, 1, 'Invisibilidad superior'),
(110959, 2, 'Greater Invisibility'),
(110959, 3, 'Große Unsichtbarkeit'),
(110959, 4, 'Invisibilité supérieure'),
(111400, 1, 'Ímpetu ardiente'),
(111400, 2, 'Burning Rush'),
(111400, 3, 'Brennender Ansturm'),
(111400, 4, 'Ruée ardente'),
(111673, 1, 'Controlar no-muerto'),
(111673, 2, 'Control Undead'),
(111673, 3, 'Untote kontrollieren'),
(111673, 4, 'Asservir un mort-vivant'),
(113043, 1, 'Augurio de claridad'),
(113043, 2, 'Omen of Clarity'),
(113043, 3, 'Omen der Klarsicht'),
(113043, 4, 'Augure de clarté'),
(113656, 1, 'Puños de furia'),
(113656, 2, 'Fists of Fury'),
(113656, 3, 'Furorfäuste'),
(113656, 4, 'Poings de fureur'),
(114014, 1, 'Lanzamiento de shuriken'),
(114014, 2, 'Shuriken Toss'),
(114014, 3, 'Shurikenwurf'),
(114014, 4, 'Lancer de shuriken'),
(114050, 1, 'Ascensión'),
(114050, 2, 'Ascendance'),
(114050, 3, 'Aszendenz'),
(114050, 4, 'Ascendance'),
(114051, 1, 'Ascensión'),
(114051, 2, 'Ascendance'),
(114051, 3, 'Aszendenz'),
(114051, 4, 'Ascendance'),
(114052, 1, 'Ascensión'),
(114052, 2, 'Ascendance'),
(114052, 3, 'Aszendenz'),
(114052, 4, 'Ascendance'),
(114158, 1, 'Martillo de la Luz'),
(114158, 2, 'Light\'s Hammer'),
(114158, 3, 'Hammer des Lichts'),
(114158, 4, 'Marteau de Lumière'),
(114165, 1, 'Prisma Sagrado'),
(114165, 2, 'Holy Prism'),
(114165, 3, 'Heiliges Prisma'),
(114165, 4, 'Prisme sacré'),
(115008, 1, 'Torpedo de chi'),
(115008, 2, 'Chi Torpedo'),
(115008, 3, 'Chitorpedo'),
(115008, 4, 'Torpille de chi'),
(115069, 1, 'Aplazar'),
(115069, 2, 'Stagger'),
(115069, 3, 'Staffeln'),
(115069, 4, 'Report'),
(115072, 1, 'Expulsar daño'),
(115072, 2, 'Expel Harm'),
(115072, 3, 'Schadensumleitung'),
(115072, 4, 'Extraction du mal'),
(115080, 1, 'Toque de la muerte'),
(115080, 2, 'Touch of Death'),
(115080, 3, 'Berührung des Todes'),
(115080, 4, 'Toucher mortel'),
(115151, 1, 'Niebla renovadora'),
(115151, 2, 'Renewing Mist'),
(115151, 3, 'Erneuernder Nebel'),
(115151, 4, 'Brume de rénovation'),
(115176, 1, 'Meditación zen'),
(115176, 2, 'Zen Meditation'),
(115176, 3, 'Zenmeditation'),
(115176, 4, 'Méditation zen'),
(115178, 1, 'Resucitar'),
(115178, 2, 'Resuscitate'),
(115178, 3, 'Wiederbeleben'),
(115178, 4, 'Ranimer'),
(115181, 1, 'Aliento de Fuego'),
(115181, 2, 'Breath of Fire'),
(115181, 3, 'Feuerodem'),
(115181, 4, 'Souffle de feu'),
(115203, 1, 'Brebaje reconstituyente'),
(115203, 2, 'Fortifying Brew'),
(115203, 3, 'Stärkendes Gebräu'),
(115203, 4, 'Boisson fortifiante'),
(115308, 1, 'Brebaje de piel de hierro'),
(115308, 2, 'Ironskin Brew'),
(115308, 3, 'Eisenhautgebräu'),
(115308, 4, 'Infusion peau-de-fer'),
(115310, 1, 'Reanimación'),
(115310, 2, 'Revival'),
(115310, 3, 'Belebung'),
(115310, 4, 'Regain'),
(115313, 1, 'Invocar estatua del Dragón de Jade'),
(115313, 2, 'Summon Jade Serpent Statue'),
(115313, 3, 'Statue der Jadeschlange beschwören'),
(115313, 4, 'Invocation d’une statue du Serpent de jade'),
(115315, 1, 'Invocar estatua del Buey Negro'),
(115315, 2, 'Summon Black Ox Statue'),
(115315, 3, 'Statue des Schwarzen Ochsen beschwören'),
(115315, 4, 'Invocation d’une statue du Buffle noir'),
(115636, 1, 'Maestría: Golpes de combo'),
(115636, 2, 'Mastery: Combo Strikes'),
(115636, 3, 'Meisterschaft: Comboschläge'),
(115636, 4, 'Maîtrise : Frappes combo'),
(115750, 1, 'Luz cegadora'),
(115750, 2, 'Blinding Light'),
(115750, 3, 'Blendendes Licht'),
(115750, 4, 'Lumière aveuglante'),
(115767, 1, 'Heridas profundas'),
(115767, 2, 'Deep Wounds'),
(115767, 3, 'Tiefe Wunden'),
(115767, 4, 'Blessures profondes'),
(116011, 1, 'Runa de poder'),
(116011, 2, 'Rune of Power'),
(116011, 3, 'Rune der Kraft'),
(116011, 4, 'Rune de puissance'),
(116092, 1, 'Sublimación'),
(116092, 2, 'Afterlife'),
(116092, 3, 'Leben nach dem Tode'),
(116092, 4, 'Au-delà'),
(116095, 1, 'Incapacitar'),
(116095, 2, 'Disable'),
(116095, 3, 'Lähmen'),
(116095, 4, 'Handicap'),
(116670, 1, 'Vivificar'),
(116670, 2, 'Vivify'),
(116670, 3, 'Beleben'),
(116670, 4, 'Vivifier'),
(116680, 1, 'Té de enfoque del trueno'),
(116680, 2, 'Thunder Focus Tea'),
(116680, 3, 'Donnerfokustee'),
(116680, 4, 'Thé de concentration foudroyante'),
(116812, 1, 'Parar'),
(116812, 2, 'Parry'),
(116812, 3, 'Parieren'),
(116812, 4, 'Parade'),
(116841, 1, 'Deseo del tigre'),
(116841, 2, 'Tiger\'s Lust'),
(116841, 3, 'Tigerrausch'),
(116841, 4, 'Soif du tigre'),
(116847, 1, 'Viento de jade impetuoso'),
(116847, 2, 'Rushing Jade Wind'),
(116847, 3, 'Rauschender Jadewind'),
(116847, 4, 'Vent de jade fulgurant'),
(116849, 1, 'Crisálida vital'),
(116849, 2, 'Life Cocoon'),
(116849, 3, 'Lebenskokon'),
(116849, 4, 'Cocon de vie'),
(116858, 1, 'Descarga de caos'),
(116858, 2, 'Chaos Bolt'),
(116858, 3, 'Chaosblitz'),
(116858, 4, 'Trait du chaos'),
(117014, 1, 'Explosión elemental'),
(117014, 2, 'Elemental Blast'),
(117014, 3, 'Elementarschlag'),
(117014, 4, 'Explosion élémentaire'),
(117952, 1, 'Relámpago crepitante de jade'),
(117952, 2, 'Crackling Jade Lightning'),
(117952, 3, 'Knisternder Jadeblitz'),
(117952, 4, 'Eclair de jade crépitant'),
(118000, 1, 'Rugido de dragón'),
(118000, 2, 'Dragon Roar'),
(118000, 3, 'Drachengebrüll'),
(118000, 4, 'Rugissement de dragon'),
(118038, 1, 'Muerte a espada'),
(118038, 2, 'Die by the Sword'),
(118038, 3, 'Durch das Schwert umkommen'),
(118038, 4, 'Par le fil de l’épée'),
(119381, 1, 'Barrido de pierna'),
(119381, 2, 'Leg Sweep'),
(119381, 3, 'Fußfeger'),
(119381, 4, 'Balayement de jambe'),
(119582, 1, 'Brebaje purificador'),
(119582, 2, 'Purifying Brew'),
(119582, 3, 'Reinigendes Gebräu'),
(119582, 4, 'Infusion purificatrice'),
(120360, 1, 'Tromba'),
(120360, 2, 'Barrage'),
(120360, 3, 'Sperrfeuer'),
(120360, 4, 'Barrage'),
(120517, 1, 'Halo'),
(120517, 2, 'Halo'),
(120517, 3, 'Strahlenkranz'),
(120517, 4, 'Halo'),
(120679, 1, 'Bestia temible'),
(120679, 2, 'Dire Beast'),
(120679, 3, 'Alphatier'),
(120679, 4, 'Bête féroce'),
(121253, 1, 'Embate con barril'),
(121253, 2, 'Keg Smash'),
(121253, 3, 'Fasshieb'),
(121253, 4, 'Fracasse-tonneau'),
(121471, 1, 'Hojas de las Sombras'),
(121471, 2, 'Shadow Blades'),
(121471, 3, 'Schattenklingen'),
(121471, 4, 'Lames de l’ombre'),
(121536, 1, 'Pluma angélica'),
(121536, 2, 'Angelic Feather'),
(121536, 3, 'Engelsfeder'),
(121536, 4, 'Plume angélique'),
(122278, 1, 'Mitigar daño'),
(122278, 2, 'Dampen Harm'),
(122278, 3, 'Schaden dämpfen'),
(122278, 4, 'Atténuation du mal'),
(122281, 1, 'Elixir de sanación'),
(122281, 2, 'Healing Elixir'),
(122281, 3, 'Heilendes Elixier'),
(122281, 4, 'Elixir de soins'),
(122470, 1, 'Toque de karma'),
(122470, 2, 'Touch of Karma'),
(122470, 3, 'Karmaberührung'),
(122470, 4, 'Toucher du karma'),
(122783, 1, 'Difuminar magia'),
(122783, 2, 'Diffuse Magic'),
(122783, 3, 'Magiediffusion'),
(122783, 4, 'Diffusion de la magie'),
(123040, 1, 'Dominamentes'),
(123040, 2, 'Mindbender'),
(123040, 3, 'Geistbeuger'),
(123040, 4, 'Torve-esprit'),
(123904, 1, 'Invocar a Xuen, el Tigre Blanco'),
(123904, 2, 'Invoke Xuen, the White Tiger'),
(123904, 3, 'Xuen den Weißen Tiger beschwören'),
(123904, 4, 'Invocation de Xuen, le Tigre blanc'),
(124081, 1, 'Pulso zen'),
(124081, 2, 'Zen Pulse'),
(124081, 3, 'Zenimpuls'),
(124081, 4, 'Impulsion zen'),
(124502, 1, 'Ofrenda del buey'),
(124502, 2, 'Gift of the Ox'),
(124502, 3, 'Gabe des Ochsen'),
(124502, 4, 'Don du buffle'),
(129250, 1, 'Palabra de poder: consuelo'),
(129250, 2, 'Power Word: Solace'),
(129250, 3, 'Machtwort: Trost'),
(129250, 4, 'Mot de pouvoir : Réconfort'),
(130736, 1, 'Segador de almas'),
(130736, 2, 'Soul Reaper'),
(130736, 3, 'Seelenernter'),
(130736, 4, 'Faucheur d’âme'),
(131511, 1, 'Abusar de los débiles'),
(131511, 2, 'Prey on the Weak'),
(131511, 3, 'Die Schwachen ausbeuten'),
(131511, 4, 'Proie affaiblie'),
(131894, 1, 'Bandada de cuervos'),
(131894, 2, 'A Murder of Crows'),
(131894, 3, 'Die Vögel'),
(131894, 4, 'Corbeaux hargneux'),
(132157, 1, 'Nova Sagrada'),
(132157, 2, 'Holy Nova'),
(132157, 3, 'Heilige Nova'),
(132157, 4, 'Nova sacrée'),
(132469, 1, 'Tifón'),
(132469, 2, 'Typhoon'),
(132469, 3, 'Taifun'),
(132469, 4, 'Typhon'),
(132578, 1, 'Invocar a Niuzao, el Buey Negro'),
(132578, 2, 'Invoke Niuzao, the Black Ox'),
(132578, 3, 'Niuzao den schwarzen Ochsen beschwören'),
(132578, 4, 'Invocation de Niuzao, le Buffle noir'),
(137384, 1, 'Rompecombos'),
(137384, 2, 'Combo Breaker'),
(137384, 3, 'Combobrecher'),
(137384, 4, 'Briseur de combo'),
(137619, 1, 'Marcado para morir'),
(137619, 2, 'Marked for Death'),
(137619, 3, 'Todesurteil'),
(137619, 4, 'Désigné pour mourir'),
(137639, 1, 'Tormenta, Tierra y Fuego'),
(137639, 2, 'Storm, Earth, and Fire'),
(137639, 3, 'Sturm, Erde und Feuer'),
(137639, 4, 'Tempête, Terre et Feu'),
(145108, 1, 'Don de Ysera'),
(145108, 2, 'Ysera\'s Gift'),
(145108, 3, 'Yseras Gabe'),
(145108, 4, 'Don d’Ysera'),
(145205, 1, 'Floración'),
(145205, 2, 'Efflorescence'),
(145205, 3, 'Erblühen'),
(145205, 4, 'Efflorescence'),
(152108, 1, 'Cataclismo'),
(152108, 2, 'Cataclysm'),
(152108, 3, 'Kataklysmus'),
(152108, 4, 'Cataclysme'),
(152173, 1, 'Serenidad'),
(152173, 2, 'Serenity'),
(152173, 3, 'Gleichmut'),
(152173, 4, 'Sérénité'),
(152175, 1, 'Puñetazo giratorio del dragón'),
(152175, 2, 'Whirling Dragon Punch'),
(152175, 3, 'Wirbelnder Drachenschlag'),
(152175, 4, 'Coup de poing du dragon tourbillonnant'),
(152261, 1, 'Escudo Sagrado'),
(152261, 2, 'Holy Shield'),
(152261, 3, 'Heiliger Schild'),
(152261, 4, 'Bouclier sacré'),
(152262, 1, 'Serafín'),
(152262, 2, 'Seraphim'),
(152262, 3, 'Seraphim'),
(152262, 4, 'Séraphin'),
(152277, 1, 'Devastador'),
(152277, 2, 'Ravager'),
(152277, 3, 'Verheerer'),
(152277, 4, 'Ravageur'),
(152279, 1, 'Aliento de Sindragosa'),
(152279, 2, 'Breath of Sindragosa'),
(152279, 3, 'Sindragosas Hauch'),
(152279, 4, 'Souffle de Sindragosa'),
(152280, 1, 'Profanar'),
(152280, 2, 'Defile'),
(152280, 3, 'Entweihen'),
(152280, 4, 'Profanation'),
(153561, 1, 'Meteoro'),
(153561, 2, 'Meteor'),
(153561, 3, 'Meteor'),
(153561, 4, 'Météore'),
(153626, 1, 'Orbe Arcano'),
(153626, 2, 'Arcane Orb'),
(153626, 3, 'Arkane Kugel'),
(153626, 4, 'Orbe arcanique'),
(154904, 1, 'Hemorragia interna'),
(154904, 2, 'Internal Bleeding'),
(154904, 3, 'Interne Blutungen'),
(154904, 4, 'Hémorragie interne'),
(155147, 1, 'Aumento de poder'),
(155147, 2, 'Overpowered'),
(155147, 3, 'Viel zu stark'),
(155147, 4, 'Surpuissance'),
(155148, 1, 'Avivar'),
(155148, 2, 'Kindling'),
(155148, 3, 'Zündeln'),
(155148, 4, 'Petit bois'),
(155271, 1, 'Espíritus auspiciosos'),
(155271, 2, 'Auspicious Spirits'),
(155271, 3, 'Verheißungsvolle Geister'),
(155271, 4, 'Esprits de bon augure'),
(155783, 1, 'Maestría: Guardián de la Naturaleza'),
(155783, 2, 'Mastery: Nature\'s Guardian'),
(155783, 3, 'Meisterschaft: Wächter der Natur'),
(155783, 4, 'Maîtrise : Gardien de la nature'),
(157153, 1, 'Tótem de Ráfaga de nubes'),
(157153, 2, 'Cloudburst Totem'),
(157153, 3, 'Totem des Wolkenbruchs'),
(157153, 4, 'Totem d’explosion nuageuse'),
(157411, 1, 'Caminavientos'),
(157411, 2, 'Windwalking'),
(157411, 3, 'Windlaufen'),
(157411, 4, 'Marche-vent'),
(157980, 1, 'Supernova'),
(157980, 2, 'Supernova'),
(157980, 3, 'Supernova'),
(157980, 4, 'Supernova'),
(157981, 1, 'Ola explosiva'),
(157981, 2, 'Blast Wave'),
(157981, 3, 'Druckwelle'),
(157981, 4, 'Vague explosive'),
(158477, 1, 'Alma del bosque'),
(158477, 2, 'Soul of the Forest'),
(158477, 3, 'Seele des Waldes'),
(158477, 4, 'Ame de la forêt'),
(158478, 1, 'Alma del bosque'),
(158478, 2, 'Soul of the Forest'),
(158478, 3, 'Seele des Waldes'),
(158478, 4, 'Ame de la forêt'),
(161798, 1, 'Contestación'),
(161798, 2, 'Riposte'),
(161798, 3, 'Riposte'),
(161798, 4, 'Riposte'),
(162243, 1, 'Mordedura de demonio'),
(162243, 2, 'Demon\'s Bite'),
(162243, 3, 'Dämonenbiss'),
(162243, 4, 'Morsure du démon'),
(162452, 1, 'Perspicacia sombría'),
(162452, 2, 'Shadowy Insight'),
(162452, 3, 'Schattenhafte Einsicht'),
(162452, 4, 'Clairvoyance ténébreuse'),
(162794, 1, 'Golpe de caos'),
(162794, 2, 'Chaos Strike'),
(162794, 3, 'Chaosstoß'),
(162794, 4, 'Frappe du chaos'),
(163201, 1, 'Ejecutar'),
(163201, 2, 'Execute'),
(163201, 3, 'Hinrichten'),
(163201, 4, 'Exécution'),
(164856, 1, 'Superviviente'),
(164856, 2, 'Survivalist'),
(164856, 3, 'Überlebenskünstler'),
(164856, 4, 'Survivaliste'),
(167105, 1, 'Machaque colosal'),
(167105, 2, 'Colossus Smash'),
(167105, 3, 'Kolossales Schmettern'),
(167105, 4, 'Frappe du colosse'),
(168534, 1, 'Maestría: Sobrecarga elemental'),
(168534, 2, 'Mastery: Elemental Overload'),
(168534, 3, 'Meisterschaft: Elementarüberladung'),
(168534, 4, 'Maîtrise : Surcharge élémentaire'),
(170374, 1, 'Rabia de la tierra'),
(170374, 2, 'Earthen Rage'),
(170374, 3, 'Irdene Wut'),
(170374, 4, 'Rage terrestre'),
(179057, 1, 'Nova de caos'),
(179057, 2, 'Chaos Nova'),
(179057, 3, 'Chaosnova'),
(179057, 4, 'Nova du chaos'),
(183778, 1, 'Sentencia de Luz'),
(183778, 2, 'Judgment of Light'),
(183778, 3, 'Richturteil des Lichts'),
(183778, 4, 'Jugement de lumière'),
(184364, 1, 'Regeneración enfurecida'),
(184364, 2, 'Enraged Regeneration'),
(184364, 3, 'Wütende Regeneration'),
(184364, 4, 'Régénération enragée'),
(184575, 1, 'Hoja de justicia'),
(184575, 2, 'Blade of Justice'),
(184575, 3, 'Klinge der Gerechtigkeit'),
(184575, 4, 'Lame de justice'),
(184662, 1, 'Escudo de venganza'),
(184662, 2, 'Shield of Vengeance'),
(184662, 3, 'Schild der Vergeltung'),
(184662, 4, 'Bouclier du vengeur'),
(184783, 1, 'Táctico'),
(184783, 2, 'Tactician'),
(184783, 3, 'Taktiker'),
(184783, 4, 'Tacticien'),
(185123, 1, 'Lanzar guja'),
(185123, 2, 'Throw Glaive'),
(185123, 3, 'Gleve werfen'),
(185123, 4, 'Lancer de glaive'),
(185164, 1, 'Maestría: Presencia demoníaca'),
(185164, 2, 'Mastery: Demonic Presence'),
(185164, 3, 'Meisterschaft: Dämonische Präsenz'),
(185164, 4, 'Maîtrise : Présence démoniaque'),
(185358, 1, 'Disparo Arcano'),
(185358, 2, 'Arcane Shot'),
(185358, 3, 'Arkaner Schuss'),
(185358, 4, 'Tir des Arcanes'),
(185438, 1, 'Embate de las Sombras'),
(185438, 2, 'Shadowstrike'),
(185438, 3, 'Schattenschlag'),
(185438, 4, 'Frappe-ténèbres'),
(185565, 1, 'Cuchillo envenenado'),
(185565, 2, 'Poisoned Knife'),
(185565, 3, 'Giftdolch'),
(185565, 4, 'Couteau empoisonné'),
(185763, 1, 'Disparo de pistola'),
(185763, 2, 'Pistol Shot'),
(185763, 3, 'Pistolenschuss'),
(185763, 4, 'Coup de pistolet'),
(185767, 1, 'Tromba de cañonazos'),
(185767, 2, 'Cannonball Barrage'),
(185767, 3, 'Kanonenkugelsalve'),
(185767, 4, 'Barrage de canons'),
(185901, 1, 'Disparo marcado'),
(185901, 2, 'Marked Shot'),
(185901, 3, 'Im Visier'),
(185901, 4, 'Tir marqué'),
(186257, 1, 'Aspecto del guepardo'),
(186257, 2, 'Aspect of the Cheetah'),
(186257, 3, 'Aspekt des Geparden'),
(186257, 4, 'Aspect du guépard'),
(186263, 1, 'Alivio de las Sombras'),
(186263, 2, 'Shadow Mend'),
(186263, 3, 'Schattenheilung'),
(186263, 4, 'Guérison de l’ombre'),
(186265, 1, 'Aspecto de la tortuga'),
(186265, 2, 'Aspect of the Turtle'),
(186265, 3, 'Aspekt der Schildkröte'),
(186265, 4, 'Aspect de la tortue'),
(186289, 1, 'Aspecto del águila'),
(186289, 2, 'Aspect of the Eagle'),
(186289, 3, 'Aspekt des Adlers'),
(186289, 4, 'Aspect de l’aigle'),
(186387, 1, 'Disparo de ráfaga'),
(186387, 2, 'Bursting Shot'),
(186387, 3, 'Stoßfeuer'),
(186387, 4, 'Tir détonant'),
(187827, 1, 'Metamorfosis'),
(187827, 2, 'Metamorphosis'),
(187827, 3, 'Metamorphose'),
(187827, 4, 'Métamorphose'),
(187874, 1, 'Estallido de relámpagos'),
(187874, 2, 'Crash Lightning'),
(187874, 3, 'Tobende Blitze'),
(187874, 4, 'Impact foudroyant'),
(188089, 1, 'Púa terránea'),
(188089, 2, 'Earthen Spike'),
(188089, 3, 'Irdener Stachel'),
(188089, 4, 'Pointe terrestre'),
(188389, 1, 'Choque de llamas'),
(188389, 2, 'Flame Shock'),
(188389, 3, 'Flammenschock'),
(188389, 4, 'Horion de flammes'),
(188443, 1, 'Cadena de relámpagos'),
(188443, 2, 'Chain Lightning'),
(188443, 3, 'Kettenblitzschlag'),
(188443, 4, 'Chaîne d’éclairs'),
(188499, 1, 'Danza de hojas'),
(188499, 2, 'Blade Dance'),
(188499, 3, 'Klingentanz'),
(188499, 4, 'Danse des lames'),
(188838, 1, 'Choque de llamas'),
(188838, 2, 'Flame Shock'),
(188838, 3, 'Flammenschock'),
(188838, 4, 'Horion de flammes'),
(190319, 1, 'Combustión'),
(190319, 2, 'Combustion'),
(190319, 3, 'Einäschern'),
(190319, 4, 'Combustion'),
(190336, 1, 'Crear refrigerio'),
(190336, 2, 'Conjure Refreshment'),
(190336, 3, 'Erfrischungen herbeizaubern'),
(190336, 4, 'Invocation de rafraîchissements'),
(190356, 1, 'Ventisca'),
(190356, 2, 'Blizzard'),
(190356, 3, 'Blizzard'),
(190356, 4, 'Blizzard'),
(190456, 1, 'Ignorar dolor'),
(190456, 2, 'Ignore Pain'),
(190456, 3, 'Zähne zusammenbeißen'),
(190456, 4, 'Dur au mal'),
(190493, 1, 'Fulminación'),
(190493, 2, 'Fulmination'),
(190493, 3, 'Entladung'),
(190493, 4, 'Fulmination'),
(190778, 1, 'Furia de Sindragosa'),
(190778, 2, 'Sindragosa\'s Fury'),
(190778, 3, 'Sindragosas Furor'),
(190778, 4, 'Fureur de Sindragosa'),
(190780, 1, 'Aliento de Escarcha'),
(190780, 2, 'Frost Breath'),
(190780, 3, 'Frostatem'),
(190780, 4, 'Souffle de givre'),
(190925, 1, 'Arpón'),
(190925, 2, 'Harpoon'),
(190925, 3, 'Harpune'),
(190925, 4, 'Harpon'),
(190928, 1, 'Mordisco de mangosta'),
(190928, 2, 'Mongoose Bite'),
(190928, 3, 'Mungobiss'),
(190928, 4, 'Morsure de mangouste'),
(191034, 1, 'Lluvia de estrellas'),
(191034, 2, 'Starfall'),
(191034, 3, 'Sternenregen'),
(191034, 4, 'Météores'),
(191241, 1, 'Bomba pegajosa'),
(191241, 2, 'Sticky Bomb'),
(191241, 3, 'Haftbombe'),
(191241, 4, 'Bombe collante'),
(191384, 1, 'Aspecto de la bestia'),
(191384, 2, 'Aspect of the Beast'),
(191384, 3, 'Aspekt des Wildtiers'),
(191384, 4, 'Aspect de la bête'),
(191427, 1, 'Metamorfosis'),
(191427, 2, 'Metamorphosis'),
(191427, 3, 'Metamorphose'),
(191427, 4, 'Métamorphose'),
(191433, 1, 'Trampa explosiva'),
(191433, 2, 'Explosive Trap'),
(191433, 3, 'Sprengfalle'),
(191433, 4, 'Piège explosif'),
(191837, 1, 'Fuente de esencia'),
(191837, 2, 'Essence Font'),
(191837, 3, 'Essenzborn'),
(191837, 4, 'Réceptacle d’essence'),
(192106, 1, 'Escudo de relámpagos'),
(192106, 2, 'Lightning Shield'),
(192106, 3, 'Blitzschlagschild'),
(192106, 4, 'Bouclier de foudre'),
(192234, 1, 'Tempestad'),
(192234, 2, 'Tempest'),
(192234, 3, 'Sturmgewitter'),
(192234, 4, 'Tempête'),
(192246, 1, 'Tormenta aplastante'),
(192246, 2, 'Crashing Storm'),
(192246, 3, 'Tosender Sturm'),
(192246, 4, 'Tempête écrasante'),
(192759, 1, 'Perdición de Reyes'),
(192759, 2, 'Kingsbane'),
(192759, 3, 'Königsmord'),
(192759, 4, 'Plaie des rois'),
(192939, 1, 'Maestría vil'),
(192939, 2, 'Fel Mastery'),
(192939, 3, 'Teufelsmeisterschaft'),
(192939, 4, 'Maîtrise de la corruption'),
(193223, 1, 'Rendirse a la locura'),
(193223, 2, 'Surrender to Madness'),
(193223, 3, 'Abstieg in den Wahnsinn'),
(193223, 4, 'Sombre dans la folie'),
(193225, 1, 'Legado del Vacío'),
(193225, 2, 'Legacy of the Void'),
(193225, 3, 'Vermächtnis der Leere'),
(193225, 4, 'Héritage du Vide'),
(193315, 1, 'Tajo de sable'),
(193315, 2, 'Saber Slash'),
(193315, 3, 'Säbelhieb'),
(193315, 4, 'Coup de sabre'),
(193316, 1, 'A suertes'),
(193316, 2, 'Roll the Bones'),
(193316, 3, 'Schicksalswürfel'),
(193316, 4, 'Jet d’osselets'),
(193526, 1, 'Disparo certero'),
(193526, 2, 'Trueshot'),
(193526, 3, 'Volltreffer'),
(193526, 4, 'Précision'),
(193530, 1, 'Aspecto de lo salvaje'),
(193530, 2, 'Aspect of the Wild'),
(193530, 3, 'Aspekt der Wildnis'),
(193530, 4, 'Aspect de la Nature'),
(193539, 1, 'Prontitud'),
(193539, 2, 'Alacrity'),
(193539, 3, 'Inbrunst'),
(193539, 4, 'Empressement'),
(193786, 1, 'Muerdepiedras'),
(193786, 2, 'Rockbiter'),
(193786, 3, 'Felsbeißer'),
(193786, 4, 'Croque-roc'),
(193796, 1, 'Lengua de Fuego'),
(193796, 2, 'Flametongue'),
(193796, 3, 'Flammenzunge'),
(193796, 4, 'Langue de feu'),
(194153, 1, 'Golpe lunar'),
(194153, 2, 'Lunar Strike'),
(194153, 3, 'Lunarschlag'),
(194153, 4, 'Frappe lunaire'),
(194223, 1, 'Alineación celestial'),
(194223, 2, 'Celestial Alignment'),
(194223, 3, 'Himmlische Ausrichtung'),
(194223, 4, 'Alignement céleste'),
(194277, 1, 'Abrojos'),
(194277, 2, 'Caltrops'),
(194277, 3, 'Krähenfüße'),
(194277, 4, 'Chausse-trapes'),
(194386, 1, 'Salva'),
(194386, 2, 'Volley'),
(194386, 3, 'Salve'),
(194386, 4, 'Salve'),
(194397, 1, 'Senda de la cobra'),
(194397, 2, 'Way of the Cobra'),
(194397, 3, 'Weg der Kobra'),
(194397, 4, 'Voie du cobra'),
(194407, 1, 'Cobra escupidora'),
(194407, 2, 'Spitting Cobra'),
(194407, 3, 'Speiende Kobra'),
(194407, 4, 'Cobra cracheur'),
(194466, 1, 'Llamas de fénix'),
(194466, 2, 'Phoenix\'s Flames'),
(194466, 3, 'Phönixflammen'),
(194466, 4, 'Flammes de phénix'),
(194509, 1, 'Palabra de poder: radiancia'),
(194509, 2, 'Power Word: Radiance'),
(194509, 3, 'Machtwort: Glanz'),
(194509, 4, 'Mot de pouvoir : Radiance'),
(194599, 1, 'Flecha negra'),
(194599, 2, 'Black Arrow'),
(194599, 3, 'Schwarzer Pfeil'),
(194599, 4, 'Flèche noire'),
(194662, 1, 'Descomposición rápida'),
(194662, 2, 'Rapid Decomposition'),
(194662, 3, 'Schnelle Verwesung'),
(194662, 4, 'Décomposition rapide'),
(194844, 1, 'Tormenta de huesos'),
(194844, 2, 'Bonestorm'),
(194844, 3, 'Knochensturm'),
(194844, 4, 'Tempête d’os'),
(194855, 1, 'Granada de fuego de dragón'),
(194855, 2, 'Dragonsfire Grenade'),
(194855, 3, 'Drachenfeuergranate'),
(194855, 4, 'Grenade de feu draconique'),
(194878, 1, 'Garfas heladas'),
(194878, 2, 'Icy Talons'),
(194878, 3, 'Eisige Klauen'),
(194878, 4, 'Serres glaciales'),
(194909, 1, 'Pulso congelado'),
(194909, 2, 'Frozen Pulse'),
(194909, 3, 'Gefrorener Impuls'),
(194909, 4, 'Onde gelée'),
(194912, 1, 'Tormenta inminente'),
(194912, 2, 'Gathering Storm'),
(194912, 3, 'Aufziehender Sturm'),
(194912, 4, 'Tempête grandissante'),
(194918, 1, 'Armarruna contagiada'),
(194918, 2, 'Blighted Rune Weapon'),
(194918, 3, 'Verseuchte Runenwaffe'),
(194918, 4, 'Arme runique chancreuse'),
(195072, 1, 'Carga vil'),
(195072, 2, 'Fel Rush'),
(195072, 3, 'Teufelsrausch'),
(195072, 4, 'Ruée fulgurante'),
(195182, 1, 'Rasgamédulas'),
(195182, 2, 'Marrowrend'),
(195182, 3, 'Markzerfetzer'),
(195182, 4, 'Déchirure de moelle'),
(195292, 1, 'Caricia de la Muerte'),
(195292, 2, 'Death\'s Caress'),
(195292, 3, 'Hand des Todes'),
(195292, 4, 'Caresse de la mort'),
(195452, 1, 'Hoja de la noche'),
(195452, 2, 'Nightblade'),
(195452, 3, 'Nachtklinge'),
(195452, 4, 'Lamenuit'),
(195679, 1, 'Gusanos de sangre'),
(195679, 2, 'Bloodworms'),
(195679, 3, 'Blutwürmer'),
(195679, 4, 'Vers de sang'),
(196226, 1, 'Siembra de semillas'),
(196226, 2, 'Sow the Seeds'),
(196226, 3, 'Aussaat'),
(196226, 4, 'Dissémination'),
(196277, 1, 'Implosión'),
(196277, 2, 'Implosion'),
(196277, 3, 'Implosion'),
(196277, 4, 'Implosion'),
(196447, 1, 'Canalizar fuego demoníaco'),
(196447, 2, 'Channel Demonfire'),
(196447, 3, 'Dämonenfeuer kanalisieren'),
(196447, 4, 'Canalisation de feu démoniaque');
INSERT INTO `hechizos_idiomas` (`id_hechizo`, `id_idioma`, `nombre`) VALUES
(196607, 1, 'Ojo del tigre'),
(196607, 2, 'Eye of the Tiger'),
(196607, 3, 'Auge des Tigers'),
(196607, 4, 'Oeil du tigre'),
(196718, 1, 'Oscuridad'),
(196718, 2, 'Darkness'),
(196718, 3, 'Dunkelheit'),
(196718, 4, 'Ténèbres'),
(196719, 1, 'Ofrenda de la niebla'),
(196719, 2, 'Gift of the Mists'),
(196719, 3, 'Gabe der Nebel'),
(196719, 4, 'Don des brumes'),
(196721, 1, 'Baja fermentación'),
(196721, 2, 'Light Brewing'),
(196721, 3, 'Leichtbrauweise'),
(196721, 4, 'Infusion légère'),
(196725, 1, 'Viento de jade refrescante'),
(196725, 2, 'Refreshing Jade Wind'),
(196725, 3, 'Erquickender Jadewind'),
(196725, 4, 'Vent de jade rafraîchissant'),
(196738, 1, 'Danza esquiva'),
(196738, 2, 'Elusive Dance'),
(196738, 3, 'Flüchtiger Tanz'),
(196738, 4, 'Danse insaisissable'),
(196743, 1, 'Órbita de chi'),
(196743, 2, 'Chi Orbit'),
(196743, 3, 'Chiorbit'),
(196743, 4, 'Orbite de chi'),
(196770, 1, 'Invierno sin remordimientos'),
(196770, 2, 'Remorseless Winter'),
(196770, 3, 'Unbarmherziger Winter'),
(196770, 4, 'Hiver impitoyable'),
(196834, 1, 'Estigma de Escarcha'),
(196834, 2, 'Frostbrand'),
(196834, 3, 'Frostbrand'),
(196834, 4, 'Arme de givre'),
(196840, 1, 'Choque de Escarcha'),
(196840, 2, 'Frost Shock'),
(196840, 3, 'Frostschock'),
(196840, 4, 'Horion de givre'),
(196861, 1, 'Matón'),
(196861, 2, 'Thuggee'),
(196861, 3, 'Komplott'),
(196861, 4, 'Coupe-jarret'),
(196926, 1, 'Poderío del cruzado'),
(196926, 2, 'Crusader\'s Might'),
(196926, 3, 'Macht des Kreuzfahrers'),
(196926, 4, 'Puissance du croisé'),
(196937, 1, 'Golpe fantasmal'),
(196937, 2, 'Ghostly Strike'),
(196937, 3, 'Geisterhafter Stoß'),
(196937, 4, 'Frappe fantomatique'),
(196938, 1, 'Mano rápida'),
(196938, 2, 'Quick Draw'),
(196938, 3, 'Pistolenheld'),
(196938, 4, 'Tireur rapide'),
(197211, 1, 'Furia de aire'),
(197211, 2, 'Fury of Air'),
(197211, 3, 'Zorn der Luft'),
(197211, 4, 'Fureur de l’Air'),
(197419, 1, 'Contrición'),
(197419, 2, 'Contrition'),
(197419, 3, 'Reue'),
(197419, 4, 'Contrition'),
(197467, 1, 'Profundidades sin fondo'),
(197467, 2, 'Bottomless Depths'),
(197467, 3, 'Endlose Tiefe'),
(197467, 4, 'Profondeurs inondables'),
(197490, 1, 'Afinidad con Feral'),
(197490, 2, 'Feral Affinity'),
(197490, 3, 'Wildheitsaffinität'),
(197490, 4, 'Affinité farouche'),
(197690, 1, 'Actitud defensiva'),
(197690, 2, 'Defensive Stance'),
(197690, 3, 'Verteidigungshaltung'),
(197690, 4, 'Posture défensive'),
(197721, 1, 'Florecer'),
(197721, 2, 'Flourish'),
(197721, 3, 'Gedeihen'),
(197721, 4, 'Epanouissement'),
(197835, 1, 'Tormenta de shuriken'),
(197835, 2, 'Shuriken Storm'),
(197835, 3, 'Shurikensturm'),
(197835, 4, 'Tempête de shurikens'),
(197895, 1, 'Trueno enfocado'),
(197895, 2, 'Focused Thunder'),
(197895, 3, 'Fokussierter Donner'),
(197895, 4, 'Tonnerre focalisé'),
(197900, 1, 'Envoltura en la niebla'),
(197900, 2, 'Mist Wrap'),
(197900, 3, 'Nebelhülle'),
(197900, 4, 'Manteau de brume'),
(197915, 1, 'Ciclos de vida'),
(197915, 2, 'Lifecycles'),
(197915, 3, 'Lebenszyklus'),
(197915, 4, 'Cycles de la vie'),
(198013, 1, 'Haz ocular'),
(198013, 2, 'Eye Beam'),
(198013, 3, 'Augenstrahl'),
(198013, 4, 'Rayon accablant'),
(198034, 1, 'Martillo divino'),
(198034, 2, 'Divine Hammer'),
(198034, 3, 'Göttlicher Hammer'),
(198034, 4, 'Marteau divin'),
(198068, 1, 'Poder del lado oscuro'),
(198068, 2, 'Power of the Dark Side'),
(198068, 3, 'Die Macht der dunklen Seite'),
(198068, 4, 'Puissance du côté obscur'),
(198304, 1, 'Interceptar'),
(198304, 2, 'Intercept'),
(198304, 3, 'Abfangen'),
(198304, 4, 'Interception'),
(198589, 1, 'Disiparse'),
(198589, 2, 'Blur'),
(198589, 3, 'Verschwimmen'),
(198589, 4, 'Voile corrompu'),
(198590, 1, 'Drenar alma'),
(198590, 2, 'Drain Soul'),
(198590, 3, 'Seelendieb'),
(198590, 4, 'Drain d’âme'),
(198664, 1, 'Invocar a Chi-Ji, la Grulla Roja'),
(198664, 2, 'Invoke Chi-Ji, the Red Crane'),
(198664, 3, 'Chi-Ji den roten Kranich beschwören'),
(198664, 4, 'Invocation de Chi Ji, la Grue rouge'),
(198670, 1, 'Disparo penetrante'),
(198670, 2, 'Piercing Shot'),
(198670, 3, 'Stichschuss'),
(198670, 4, 'Tir perforant'),
(198943, 1, 'Infusión de Sombras'),
(198943, 2, 'Shadow Infusion'),
(198943, 3, 'Schattenmacht'),
(198943, 4, 'Infusion d’ombre'),
(199483, 1, 'Camuflaje'),
(199483, 2, 'Camouflage'),
(199483, 3, 'Camouflage'),
(199483, 4, 'Dissimulation'),
(199522, 1, 'Disparo trucado'),
(199522, 2, 'Trick Shot'),
(199522, 3, 'Gekonnter Schuss'),
(199522, 4, 'Tir piégé'),
(199527, 1, 'Puntería fina'),
(199527, 2, 'True Aim'),
(199527, 3, 'Zielsicherheit'),
(199527, 4, 'Visée sûre'),
(199532, 1, 'Cobra asesina'),
(199532, 2, 'Killer Cobra'),
(199532, 3, 'Abgerichtete Kobra'),
(199532, 4, 'Cobra tueur'),
(199543, 1, 'Trampero experto'),
(199543, 2, 'Expert Trapper'),
(199543, 3, 'Fallenexperte'),
(199543, 4, 'Trappeur expert'),
(199740, 1, 'Sobornar'),
(199740, 2, 'Bribe'),
(199740, 3, 'Bestechung'),
(199740, 4, 'Pot de vin'),
(199743, 1, 'Tregua'),
(199743, 2, 'Parley'),
(199743, 3, 'Parley'),
(199743, 4, 'Pourparlers'),
(199754, 1, 'Contestación'),
(199754, 2, 'Riposte'),
(199754, 3, 'Riposte'),
(199754, 4, 'Riposte'),
(199804, 1, 'Entre ceja y ceja'),
(199804, 2, 'Between the Eyes'),
(199804, 3, 'Zwischen die Augen'),
(199804, 4, 'Entre les deux yeux'),
(199849, 1, 'Demencia persistente'),
(199849, 2, 'Lingering Insanity'),
(199849, 3, 'Bleibender Wahnsinn'),
(199849, 4, 'Délire persistant'),
(200025, 1, 'Señal de virtud'),
(200025, 2, 'Beacon of Virtue'),
(200025, 3, 'Leuchtfeuer der Tugend'),
(200025, 4, 'Guide de vertu'),
(200076, 1, 'Inundación'),
(200076, 2, 'Deluge'),
(200076, 3, 'Regenguss'),
(200076, 4, 'Déluge'),
(200128, 1, 'Estela de Luz'),
(200128, 2, 'Trail of Light'),
(200128, 3, 'Spur des Lichts'),
(200128, 4, 'Traînée de lumière'),
(200153, 1, 'Renovación duradera'),
(200153, 2, 'Enduring Renewal'),
(200153, 3, 'Anhaltende Erneuerung'),
(200153, 4, 'Renouveau constant'),
(200174, 1, 'Dominamentes'),
(200174, 2, 'Mindbender'),
(200174, 3, 'Geistbeuger'),
(200174, 4, 'Torve-esprit'),
(200209, 1, 'Ángel guardián'),
(200209, 2, 'Guardian Angel'),
(200209, 3, 'Schutzengel'),
(200209, 4, 'Ange gardien'),
(200390, 1, 'Cultivo'),
(200390, 2, 'Cultivation'),
(200390, 3, 'Grüner Daumen'),
(200390, 4, 'Culture'),
(200652, 1, 'Liberación de Tyr'),
(200652, 2, 'Tyr\'s Deliverance'),
(200652, 3, 'Tyrs Errettung'),
(200652, 4, 'Délivrance de Tyr'),
(200758, 1, 'Hoja de la penumbra'),
(200758, 2, 'Gloomblade'),
(200758, 3, 'Düstere Klinge'),
(200758, 4, 'Triste-lame'),
(200759, 1, 'Oscuridad reconfortante'),
(200759, 2, 'Soothing Darkness'),
(200759, 3, 'Labende Finsternis'),
(200759, 4, 'Ténèbres apaisantes'),
(200806, 1, 'Desangrar'),
(200806, 2, 'Exsanguinate'),
(200806, 3, 'Ausbluten'),
(200806, 4, 'Exsangue'),
(201082, 1, 'Senda de los Mok\'Nathal'),
(201082, 2, 'Way of the Mok\'Nathal'),
(201082, 3, 'Weg der Mok\'Nathal'),
(201082, 4, 'Voie des Mok’Nathal'),
(201430, 1, 'Estampida'),
(201430, 2, 'Stampede'),
(201430, 3, 'Stampede'),
(201430, 4, 'Ruée'),
(201467, 1, 'Furia de los Illidari'),
(201467, 2, 'Fury of the Illidari'),
(201467, 3, 'Zorn der Illidari'),
(201467, 4, 'Fureur des Illidari'),
(201897, 1, 'Puño de roca'),
(201897, 2, 'Boulderfist'),
(201897, 3, 'Felsfaust'),
(201897, 4, 'Rochepoing'),
(201898, 1, 'Son del viento'),
(201898, 2, 'Windsong'),
(201898, 3, 'Windweise'),
(201898, 4, 'Chant-du-Vent'),
(201900, 1, 'Mano caliente'),
(201900, 2, 'Hot Hand'),
(201900, 3, 'Heiße Hand'),
(201900, 4, 'Main brûlante'),
(202028, 1, 'Tajo brutal'),
(202028, 2, 'Brutal Slash'),
(202028, 3, 'Brutales Schlitzen'),
(202028, 4, 'Entaille brutale'),
(202031, 1, 'Diente de sable'),
(202031, 2, 'Sabertooth'),
(202031, 3, 'Säbelzahn'),
(202031, 4, 'Dent de sabre'),
(202155, 1, 'Afinidad con Feral'),
(202155, 2, 'Feral Affinity'),
(202155, 3, 'Wildheitsaffinität'),
(202155, 4, 'Affinité farouche'),
(202157, 1, 'Afinidad con Feral'),
(202157, 2, 'Feral Affinity'),
(202157, 3, 'Wildheitsaffinität'),
(202157, 4, 'Affinité farouche'),
(202168, 1, 'Victoria inminente'),
(202168, 2, 'Impending Victory'),
(202168, 3, 'Bevorstehender Sieg'),
(202168, 4, 'Victoire imminente'),
(202271, 1, 'Hoja de virtud'),
(202271, 2, 'Virtue\'s Blade'),
(202271, 3, 'Klinge der Tugend'),
(202271, 4, 'Lame de vertu'),
(202288, 1, 'Furia renovada'),
(202288, 2, 'Renewed Fury'),
(202288, 3, 'Erneuerte Wut'),
(202288, 4, 'Regain de fureur'),
(202316, 1, 'Fervor de la batalla'),
(202316, 2, 'Fervor of Battle'),
(202316, 3, 'Schlachteifer'),
(202316, 4, 'Ferveur du combat'),
(202347, 1, 'Centella estelar'),
(202347, 2, 'Stellar Flare'),
(202347, 3, 'Sterneneruption'),
(202347, 4, 'Flamboiement stellaire'),
(202425, 1, 'Guerrero de Elune'),
(202425, 2, 'Warrior of Elune'),
(202425, 3, 'Krieger der Elune'),
(202425, 4, 'Guerrier d’Elune'),
(202561, 1, 'Sin rendición'),
(202561, 2, 'Never Surrender'),
(202561, 3, 'Keine Kapitulation'),
(202561, 4, 'Jusqu’au bout'),
(202572, 1, 'Venganza'),
(202572, 2, 'Vengeance'),
(202572, 3, 'Blutrache'),
(202572, 4, 'Vengeance'),
(202603, 1, 'En el fragor de la batalla'),
(202603, 2, 'Into the Fray'),
(202603, 3, 'Auf ins Getümmel'),
(202603, 4, 'Dans la mêlée'),
(202612, 1, 'Poderío titánico'),
(202612, 2, 'Titanic Might'),
(202612, 3, 'Macht der Titanen'),
(202612, 4, 'Pouvoir titanesque'),
(202665, 1, 'Maldición de las Hojas Pérfidas'),
(202665, 2, 'Curse of the Dreadblades'),
(202665, 3, 'Fluch der Schreckensklingen'),
(202665, 4, 'Malédiction des lames d’effroi'),
(202743, 1, 'Voz retumbante'),
(202743, 2, 'Booming Voice'),
(202743, 3, 'Donnernde Stimme'),
(202743, 4, 'Voix tonitruante'),
(202751, 1, 'Desenfreno temerario'),
(202751, 2, 'Reckless Abandon'),
(202751, 3, 'Waghalsigkeit'),
(202751, 4, 'Fougue téméraire'),
(202767, 1, 'Luna nueva'),
(202767, 2, 'New Moon'),
(202767, 3, 'Neumond'),
(202767, 4, 'Nouvelle lune'),
(202800, 1, 'Golpe de flanco'),
(202800, 2, 'Flanking Strike'),
(202800, 3, 'Flankenangriff'),
(202800, 4, 'Frappe latérale'),
(203177, 1, 'Graves repercusiones'),
(203177, 2, 'Heavy Repercussions'),
(203177, 3, 'Heftige Rückwirkungen'),
(203177, 4, 'Lourdes répercussions'),
(203201, 1, 'Trueno crepitante'),
(203201, 2, 'Crackling Thunder'),
(203201, 3, 'Knisternder Donner'),
(203201, 4, 'Tonnerre crépitant'),
(203415, 1, 'Furia del águila'),
(203415, 2, 'Fury of the Eagle'),
(203415, 3, 'Zorn des Adlers'),
(203415, 4, 'Fureur de l’aigle'),
(203524, 1, 'Furia de Neltharion'),
(203524, 2, 'Neltharion\'s Fury'),
(203524, 3, 'Neltharions Zorn'),
(203524, 4, 'Fureur de Neltharion'),
(203538, 1, 'Bendición de reyes superior'),
(203538, 2, 'Greater Blessing of Kings'),
(203538, 3, 'Großer Segen der Könige'),
(203538, 4, 'Bénédiction des rois supérieure'),
(203539, 1, 'Bendición de sabiduría superior'),
(203539, 2, 'Greater Blessing of Wisdom'),
(203539, 3, 'Großer Segen der Weisheit'),
(203539, 4, 'Bénédiction de sagesse supérieure'),
(203555, 1, 'Hojas de demonio'),
(203555, 2, 'Demon Blades'),
(203555, 3, 'Dämonenklingen'),
(203555, 4, 'Lames du démon'),
(203556, 1, 'Maestro de la guja'),
(203556, 2, 'Master of the Glaive'),
(203556, 3, 'Glevenmeister'),
(203556, 4, 'Maître du glaive'),
(203720, 1, 'Púas de demonio'),
(203720, 2, 'Demon Spikes'),
(203720, 3, 'Dämonenstachel'),
(203720, 4, 'Pointes démoniaques'),
(203747, 1, 'Maestría: Sangre vil'),
(203747, 2, 'Mastery: Fel Blood'),
(203747, 3, 'Meisterschaft: Dämonenblut'),
(203747, 4, 'Maîtrise : Gangresang'),
(203776, 1, 'Primer vengador'),
(203776, 2, 'First Avenger'),
(203776, 3, 'Erster Rächer'),
(203776, 4, 'Premier vengeur'),
(203782, 1, 'Hender'),
(203782, 2, 'Shear'),
(203782, 3, 'Abscheren'),
(203782, 4, 'Entaille'),
(203791, 1, 'Último defensor'),
(203791, 2, 'Last Defender'),
(203791, 3, 'Letzter Verteidiger'),
(203791, 4, 'Dernier défenseur'),
(203962, 1, 'Frenesí sangriento'),
(203962, 2, 'Blood Frenzy'),
(203962, 3, 'Blutraserei'),
(203962, 4, 'Frénésie sanglante'),
(204019, 1, 'Martillo bendito'),
(204019, 2, 'Blessed Hammer'),
(204019, 3, 'Gesegneter Hammer'),
(204019, 4, 'Marteau béni'),
(204021, 1, 'Marca ígnea'),
(204021, 2, 'Fiery Brand'),
(204021, 3, 'Flammendes Brandmal'),
(204021, 4, 'Marque enflammée'),
(204053, 1, 'Desgarrar y rasgar'),
(204053, 2, 'Rend and Tear'),
(204053, 3, 'Beißen und Reißen'),
(204053, 4, 'Instinct sanguinaire'),
(204054, 1, 'Suelo consagrado'),
(204054, 2, 'Consecrated Ground'),
(204054, 3, 'Geweihter Boden'),
(204054, 4, 'Terre consacrée'),
(204065, 1, 'Pacto de las Sombras'),
(204065, 2, 'Shadow Covenant'),
(204065, 3, 'Schattenbündnis'),
(204065, 4, 'Concordat des ombres'),
(204066, 1, 'Haz lunar'),
(204066, 2, 'Lunar Beam'),
(204066, 3, 'Mondstrahl'),
(204066, 4, 'Rayon lunaire'),
(204139, 1, 'Caballero templario'),
(204139, 2, 'Knight Templar'),
(204139, 3, 'Tempelritter'),
(204139, 4, 'Chevalier templier'),
(204150, 1, 'Égida de Luz'),
(204150, 2, 'Aegis of Light'),
(204150, 3, 'Aegis des Lichts'),
(204150, 4, 'Egide de Lumière'),
(204157, 1, 'Lanzar guja'),
(204157, 2, 'Throw Glaive'),
(204157, 3, 'Gleve werfen'),
(204157, 4, 'Lancer de glaive'),
(204197, 1, 'Purgar al maligno'),
(204197, 2, 'Purge the Wicked'),
(204197, 3, 'Läuterung des Bösen'),
(204197, 4, 'Purge du mal'),
(204263, 1, 'Fuerza brillante'),
(204263, 2, 'Shining Force'),
(204263, 3, 'Strahlende Kraft'),
(204263, 4, 'Force rayonnante'),
(204596, 1, 'Sigilo de llamas'),
(204596, 2, 'Sigil of Flame'),
(204596, 3, 'Zeichen der Flamme'),
(204596, 4, 'Sigil de feu'),
(204883, 1, 'Círculo de sanación'),
(204883, 2, 'Circle of Healing'),
(204883, 3, 'Kreis der Heilung'),
(204883, 4, 'Cercle de soins'),
(204945, 1, 'Vientos de fatalidad'),
(204945, 2, 'Doom Winds'),
(204945, 3, 'Schicksalswinde'),
(204945, 4, 'Vents funestes'),
(205021, 1, 'Rayo de Escarcha'),
(205021, 2, 'Ray of Frost'),
(205021, 3, 'Froststrahl'),
(205021, 4, 'Rayon de givre'),
(205022, 1, 'Familiar Arcano'),
(205022, 2, 'Arcane Familiar'),
(205022, 3, 'Arkaner Familiar'),
(205022, 4, 'Familier arcanique'),
(205023, 1, 'Conflagración'),
(205023, 2, 'Conflagration'),
(205023, 3, 'Großbrand'),
(205023, 4, 'Déflagration'),
(205027, 1, 'Hasta los huesos'),
(205027, 2, 'Bone Chilling'),
(205027, 3, 'Knochenkälte'),
(205027, 4, 'A glacer le sang'),
(205065, 1, 'Torrente del Vacío'),
(205065, 2, 'Void Torrent'),
(205065, 3, 'Leerenstrom'),
(205065, 4, 'Torrent du Vide'),
(205145, 1, 'Llamada demoníaca'),
(205145, 2, 'Demonic Calling'),
(205145, 3, 'Dämonischer Ruf'),
(205145, 4, 'Appel démoniaque'),
(205148, 1, 'Entropía inversa'),
(205148, 2, 'Reverse Entropy'),
(205148, 3, 'Entropieumkehrung'),
(205148, 4, 'Entropie inversée'),
(205180, 1, 'Invocar a Miradaoscura'),
(205180, 2, 'Summon Darkglare'),
(205180, 3, 'Dunkelblick beschwören'),
(205180, 4, 'Invocation de Regard-noir'),
(205191, 1, 'Ojo por ojo'),
(205191, 2, 'Eye for an Eye'),
(205191, 3, 'Auge um Auge'),
(205191, 4, 'Oeil pour oeil'),
(205223, 1, 'Consumo'),
(205223, 2, 'Consumption'),
(205223, 3, 'Schwindsucht'),
(205223, 4, 'Consomption'),
(205228, 1, 'Consagración'),
(205228, 2, 'Consecration'),
(205228, 3, 'Weihe'),
(205228, 4, 'Consécration'),
(205273, 1, 'Estela de cenizas'),
(205273, 2, 'Wake of Ashes'),
(205273, 3, 'Aschewelle'),
(205273, 4, 'Traînée de cendres'),
(205320, 1, 'Golpe del señor del viento'),
(205320, 2, 'Strike of the Windlord'),
(205320, 3, 'Schlag des Windlords'),
(205320, 4, 'Frappe du seigneur des Vents'),
(205369, 1, 'Bomba mental'),
(205369, 2, 'Mind Bomb'),
(205369, 3, 'Gedankenbombe'),
(205369, 4, 'Explosion mentale'),
(205385, 1, 'Fragor de las Sombras'),
(205385, 2, 'Shadow Crash'),
(205385, 3, 'Schattengeschoss'),
(205385, 4, 'Déferlante d’ombre'),
(205406, 1, 'Regalo de Sheilun'),
(205406, 2, 'Sheilun\'s Gift'),
(205406, 3, 'Sheiluns Gabe'),
(205406, 4, 'Don de Sheilun'),
(205495, 1, 'Guardia de la Tormenta'),
(205495, 2, 'Stormkeeper'),
(205495, 3, 'Sturmhüter'),
(205495, 4, 'Gardien des tempêtes'),
(205545, 1, 'Furia de Odyn'),
(205545, 2, 'Odyn\'s Fury'),
(205545, 3, 'Odyns Zorn'),
(205545, 4, 'Fureur d’Odyn'),
(205636, 1, 'Fuerza de la Naturaleza'),
(205636, 2, 'Force of Nature'),
(205636, 3, 'Naturgewalt'),
(205636, 4, 'Force de la nature'),
(206315, 1, 'Masacre'),
(206315, 2, 'Massacre'),
(206315, 3, 'Massaker'),
(206315, 4, 'Massacre'),
(206416, 1, 'Primera baja'),
(206416, 2, 'First Blood'),
(206416, 3, 'Erstes Blutvergießen'),
(206416, 4, 'Premier sang'),
(206505, 1, 'Bandada de cuervos'),
(206505, 2, 'A Murder of Crows'),
(206505, 3, 'Die Vögel'),
(206505, 4, 'Corbeaux hargneux'),
(206817, 1, 'Centinela'),
(206817, 2, 'Sentinel'),
(206817, 3, 'Wachsamer Schütze'),
(206817, 4, 'Sentinelle'),
(206930, 1, 'Golpe en el corazón'),
(206930, 2, 'Heart Strike'),
(206930, 3, 'Herzstoß'),
(206930, 4, 'Frappe au cœur'),
(206931, 1, 'Bebedor de sangre'),
(206931, 2, 'Blooddrinker'),
(206931, 3, 'Bluttrinker'),
(206931, 4, 'Buveur de sang'),
(206940, 1, 'Marca de sangre'),
(206940, 2, 'Mark of Blood'),
(206940, 3, 'Mal des Blutes'),
(206940, 4, 'Marque de sang'),
(206974, 1, 'Baluarte impío'),
(206974, 2, 'Foul Bulwark'),
(206974, 3, 'Übles Bollwerk'),
(206974, 4, 'Rempart infect'),
(206977, 1, 'Espejo de sangre'),
(206977, 2, 'Blood Mirror'),
(206977, 3, 'Blutspiegel'),
(206977, 4, 'Miroir de sang'),
(207068, 1, 'Trueno del titán'),
(207068, 2, 'Titan\'s Thunder'),
(207068, 3, 'Titanendonner'),
(207068, 4, 'Tonnerre du titan'),
(207127, 1, 'Arma de runas hambrienta'),
(207127, 2, 'Hungering Rune Weapon'),
(207127, 3, 'Hungernde Runenwaffe'),
(207127, 4, 'Arme runique affamée'),
(207142, 1, 'Avalancha'),
(207142, 2, 'Avalanche'),
(207142, 3, 'Lawine'),
(207142, 4, 'Avalanche'),
(207161, 1, 'Poderío de la abominación'),
(207161, 2, 'Abomination\'s Might'),
(207161, 3, 'Stärke der Monstrosität'),
(207161, 4, 'Puissance de l’abomination'),
(207230, 1, 'Guadaña de Escarcha'),
(207230, 2, 'Frostscythe'),
(207230, 3, 'Frostsichel'),
(207230, 4, 'Faux de givre'),
(207256, 1, 'Desintegración'),
(207256, 2, 'Obliteration'),
(207256, 3, 'Auslöschung'),
(207256, 4, 'Oblitération'),
(207264, 1, 'Llagas rebosantes'),
(207264, 2, 'Bursting Sores'),
(207264, 3, 'Platzende Geschwüre'),
(207264, 4, 'Plaies purulentes'),
(207269, 1, 'Fiebre de ébano'),
(207269, 2, 'Ebon Fever'),
(207269, 3, 'Schwarzes Fieber'),
(207269, 4, 'Fièvre d’ébène'),
(207272, 1, 'Garras infectadas'),
(207272, 2, 'Infected Claws'),
(207272, 3, 'Infizierte Klauen'),
(207272, 4, 'Griffes infectées'),
(207289, 1, 'Frenesí profano'),
(207289, 2, 'Unholy Frenzy'),
(207289, 3, 'Unheilige Raserei'),
(207289, 4, 'Frénésie impie'),
(207305, 1, 'Castigador'),
(207305, 2, 'Castigator'),
(207305, 3, 'Züchtiger'),
(207305, 4, 'Fustigateur'),
(207316, 1, 'Infestación debilitadora'),
(207316, 2, 'Debilitating Infestation'),
(207316, 3, 'Schwächende Verseuchung'),
(207316, 4, 'Contamination débilitante'),
(207319, 1, 'Escudo de cadáver'),
(207319, 2, 'Corpse Shield'),
(207319, 3, 'Leichenschild'),
(207319, 4, 'Bouclier cadavérique'),
(207321, 1, 'Zampaconjuros'),
(207321, 2, 'Spell Eater'),
(207321, 3, 'Zauberfresser'),
(207321, 4, 'Dévoreur de sorts'),
(207346, 1, 'Necrosis'),
(207346, 2, 'Necrosis'),
(207346, 3, 'Nekrose'),
(207346, 4, 'Nécrose'),
(207349, 1, 'Mediador oscuro'),
(207349, 2, 'Dark Arbiter'),
(207349, 3, 'Dunkle Richterin'),
(207349, 4, 'Sombre médiateur'),
(207383, 1, 'Abundancia'),
(207383, 2, 'Abundance'),
(207383, 3, 'Überfluss'),
(207383, 4, 'Abondance'),
(207387, 1, 'Castigador'),
(207387, 2, 'Painbringer'),
(207387, 3, 'Peinbringer'),
(207387, 4, 'Douloureuse'),
(207399, 1, 'Tótem de Protección ancestral'),
(207399, 2, 'Ancestral Protection Totem'),
(207399, 3, 'Totem des Schutzes der Ahnen'),
(207399, 4, 'Totem de protection ancestrale'),
(207407, 1, 'Trinchador de almas'),
(207407, 2, 'Soul Carver'),
(207407, 3, 'Seelenschnitzer'),
(207407, 4, 'Déchirement d’âme'),
(207550, 1, 'Golpe abisal'),
(207550, 2, 'Abyssal Strike'),
(207550, 3, 'Abyssischer Schlag'),
(207550, 4, 'Frappe abyssale'),
(207697, 1, 'Festín de almas'),
(207697, 2, 'Feast of Souls'),
(207697, 3, 'Festmahl der Seelen'),
(207697, 4, 'Festin d’âmes'),
(207946, 1, 'Cólera de la Luz'),
(207946, 2, 'Light\'s Wrath'),
(207946, 3, 'Zorn des Lichts'),
(207946, 4, 'Courroux de la Lumière'),
(207982, 1, 'Ira dirigida'),
(207982, 2, 'Focused Rage'),
(207982, 3, 'Fokussierte Wut'),
(207982, 4, 'Rage concentrée'),
(208065, 1, 'Luz de T\'uure'),
(208065, 2, 'Light of T\'uure'),
(208065, 3, 'Licht von T\'uure'),
(208065, 4, 'Lumière de T’uure'),
(208253, 1, 'Esencia de G\'Hanir'),
(208253, 2, 'Essence of G\'Hanir'),
(208253, 3, 'Essenz von G\'Hanir'),
(208253, 4, 'Essence de G’Hanir'),
(209202, 1, 'Ojo de Tyr'),
(209202, 2, 'Eye of Tyr'),
(209202, 3, 'Auge von Tyr'),
(209202, 4, 'Oeil de Tyr'),
(209400, 1, 'Púas cortantes'),
(209400, 2, 'Razor Spikes'),
(209400, 3, 'Klingenstacheln'),
(209400, 4, 'Pointes acérées'),
(209577, 1, 'Belígera'),
(209577, 2, 'Warbreaker'),
(209577, 3, 'Kriegsbrecher'),
(209577, 4, 'Brise-Guerre'),
(209782, 1, 'Mordedura de Buchegore'),
(209782, 2, 'Goremaw\'s Bite'),
(209782, 3, 'Blutschlunds Biss'),
(209782, 4, 'Morsure de Gueulétripe'),
(209795, 1, 'Fractura'),
(209795, 2, 'Fracture'),
(209795, 3, 'Fraktur'),
(209795, 4, 'Fracture'),
(210191, 1, 'Palabra de gloria'),
(210191, 2, 'Word of Glory'),
(210191, 3, 'Wort der Herrlichkeit'),
(210191, 4, 'Mot de gloire'),
(210220, 1, 'Cólera Sagrada'),
(210220, 2, 'Holy Wrath'),
(210220, 3, 'Heiliger Zorn'),
(210220, 4, 'Colère divine'),
(210706, 1, 'Cornada'),
(210706, 2, 'Gore'),
(210706, 3, 'Aufspießen'),
(210706, 4, 'Etripage'),
(210714, 1, 'Hielofuria'),
(210714, 2, 'Icefury'),
(210714, 3, 'Eisfuror'),
(210714, 4, 'Furie-de-glace'),
(210722, 1, 'Frenesí de Crinceniza'),
(210722, 2, 'Ashamane\'s Frenzy'),
(210722, 3, 'Ashamanes Raserei'),
(210722, 4, 'Frénésie d’Ashamane'),
(210731, 1, 'Látigo de tormenta potenciado'),
(210731, 2, 'Empowered Stormlash'),
(210731, 3, 'Machterfüllte Sturmpeitsche'),
(210731, 4, 'Fouette-Tempête surpuissant'),
(210805, 1, 'Anomalía temporal'),
(210805, 2, 'Time Anomaly'),
(210805, 3, 'Zeitanomalie'),
(210805, 4, 'Irrégularité temporelle'),
(210853, 1, 'Granizada'),
(210853, 2, 'Hailstorm'),
(210853, 3, 'Hagelsturm'),
(210853, 4, 'Averse de grêle'),
(211053, 1, 'Tromba vil'),
(211053, 2, 'Fel Barrage'),
(211053, 3, 'Teufelsbeschuss'),
(211053, 4, 'Barrage gangrené'),
(211881, 1, 'Erupción vil'),
(211881, 2, 'Fel Eruption'),
(211881, 3, 'Teufelseruption'),
(211881, 4, 'Eruption gangrenée'),
(212036, 1, 'Resurrección en masa'),
(212036, 2, 'Mass Resurrection'),
(212036, 3, 'Massenwiederbelebung'),
(212036, 4, 'Résurrection de masse'),
(212040, 1, 'Revitalizar'),
(212040, 2, 'Revitalize'),
(212040, 3, 'Revitalisieren'),
(212040, 4, 'Revitalisation'),
(212048, 1, 'Visión ancestral'),
(212048, 2, 'Ancestral Vision'),
(212048, 3, 'Vision der Ahnen'),
(212048, 4, 'Vision ancestrale'),
(212051, 1, 'Volver a despertar'),
(212051, 2, 'Reawaken'),
(212051, 3, 'Wiedererwachen'),
(212051, 4, 'Réveil'),
(212056, 1, 'Absolución'),
(212056, 2, 'Absolution'),
(212056, 3, 'Absolution'),
(212056, 4, 'Absolution'),
(212283, 1, 'Símbolos de la Muerte'),
(212283, 2, 'Symbols of Death'),
(212283, 3, 'Symbole des Todes'),
(212283, 4, 'Symboles de mort'),
(212431, 1, 'Disparo explosivo'),
(212431, 2, 'Explosive Shot'),
(212431, 3, 'Explosivschuss'),
(212431, 4, 'Tir explosif'),
(212621, 1, 'Disparo marcado'),
(212621, 2, 'Marked Shot'),
(212621, 3, 'Im Visier'),
(212621, 4, 'Tir marqué'),
(212653, 1, 'Centelleo'),
(212653, 2, 'Shimmer'),
(212653, 3, 'Flimmern'),
(212653, 4, 'Chatoiement'),
(212658, 1, 'Grupo de caza'),
(212658, 2, 'Hunting Party'),
(212658, 3, 'Jagdtrupp'),
(212658, 4, 'Partie de chasse'),
(212763, 1, 'Aparición persistente'),
(212763, 2, 'Lingering Apparition'),
(212763, 3, 'Anhaltender Spuk'),
(212763, 4, 'Apparition persistante'),
(213313, 1, 'Intervención divina'),
(213313, 2, 'Divine Intervention'),
(213313, 3, 'Göttlicher Eingriff'),
(213313, 4, 'Intervention divine'),
(213764, 1, 'Flagelo'),
(213764, 2, 'Swipe'),
(213764, 3, 'Prankenhieb'),
(213764, 4, 'Balayage'),
(214326, 1, 'Barril detonante'),
(214326, 2, 'Exploding Keg'),
(214326, 3, 'Explodierendes Fässchen'),
(214326, 4, 'Tonneau explosif'),
(214579, 1, 'Serpenteadoras'),
(214579, 2, 'Sidewinders'),
(214579, 3, 'Zielsuchgeschosse'),
(214579, 4, 'Crotales cornus'),
(214621, 1, 'Cisma'),
(214621, 2, 'Schism'),
(214621, 3, 'Schisma'),
(214621, 4, 'Schisme'),
(215556, 1, 'Máquina de guerra'),
(215556, 2, 'War Machine'),
(215556, 3, 'Kriegsmaschine'),
(215556, 4, 'Machine de guerre'),
(215569, 1, 'Bola de demolición'),
(215569, 2, 'Wrecking Ball'),
(215569, 3, 'Abrissbirne'),
(215569, 4, 'Boulet de démolition'),
(215571, 1, 'Rabioso demente'),
(215571, 2, 'Frothing Berserker'),
(215571, 3, 'Wutschäumender Berserker'),
(215571, 4, 'Berserker écumant'),
(215661, 1, 'Venganza de justicar'),
(215661, 2, 'Justicar\'s Vengeance'),
(215661, 3, 'Rache des Rechtsprechers'),
(215661, 4, 'Vengeance du justicier'),
(215864, 1, 'Precipitaciones'),
(215864, 2, 'Rainfall'),
(215864, 3, 'Regenschauer'),
(215864, 4, 'Averse'),
(216698, 1, 'Segar almas'),
(216698, 2, 'Reap Souls'),
(216698, 3, 'Seelen ernten'),
(216698, 4, 'Fauchage d’âmes'),
(217020, 1, 'Celo'),
(217020, 2, 'Zeal'),
(217020, 3, 'Eifer'),
(217020, 4, 'Zèle'),
(217832, 1, 'Encarcelar'),
(217832, 2, 'Imprison'),
(217832, 3, 'Einkerkern'),
(217832, 4, 'Emprisonnement'),
(218612, 1, 'Alimentar al demonio'),
(218612, 2, 'Feed the Demon'),
(218612, 3, 'Den Dämon füttern'),
(218612, 4, 'Nourrir le démon'),
(218679, 1, 'Bomba de espíritu'),
(218679, 2, 'Spirit Bomb'),
(218679, 3, 'Seelenbombe'),
(218679, 4, 'Bombe spirituelle'),
(219272, 1, 'Piel de demonio'),
(219272, 2, 'Demon Skin'),
(219272, 3, 'Dämonenhaut'),
(219272, 4, 'Peau de démon'),
(219786, 1, 'Osario'),
(219786, 2, 'Ossuary'),
(219786, 3, 'Ossuarium'),
(219786, 4, 'Ossuaire'),
(220143, 1, 'Apocalipsis'),
(220143, 2, 'Apocalypse'),
(220143, 3, 'Apokalypse'),
(220143, 4, 'Apocalypse'),
(223657, 1, 'Salvaguarda'),
(223657, 2, 'Safeguard'),
(223657, 3, 'Sicherung'),
(223657, 4, 'Protéger'),
(223662, 1, 'Desafío del señor de la guerra'),
(223662, 2, 'Warlord\'s Challenge'),
(223662, 3, 'Herausforderung des Kriegsherren'),
(223662, 4, 'Défi de seigneur de guerre'),
(224968, 1, 'Marca de Aluneth'),
(224968, 2, 'Mark of Aluneth'),
(224968, 3, 'Mal von Aluneth'),
(224968, 4, 'Marque d’Aluneth'),
(227266, 1, 'Calma mortal'),
(227266, 2, 'Deadly Calm'),
(227266, 3, 'Tödliche Gelassenheit'),
(227266, 4, 'Sérénité meurtrière'),
(227847, 1, 'Filotormenta'),
(227847, 2, 'Bladestorm'),
(227847, 3, 'Klingensturm'),
(227847, 4, 'Tempête de lames'),
(228260, 1, 'Erupción del Vacío'),
(228260, 2, 'Void Eruption'),
(228260, 3, 'Leereneruption'),
(228260, 4, 'Éruption du Vide'),
(228477, 1, 'Rajar alma'),
(228477, 2, 'Soul Cleave'),
(228477, 3, 'Seelenspalter'),
(228477, 4, 'Division de l’âme'),
(228920, 1, 'Devastador'),
(228920, 2, 'Ravager'),
(228920, 3, 'Verheerer'),
(228920, 4, 'Ravageur'),
(231606, 1, 'Niebla renovadora'),
(231606, 2, 'Renewing Mist'),
(231606, 3, 'Erneuernder Nebel'),
(231606, 4, 'Brume de rénovation'),
(231633, 1, 'Fuente de esencia'),
(231633, 2, 'Essence Font'),
(231633, 3, 'Essenzborn'),
(231633, 4, 'Réceptacle d’essence'),
(231642, 1, 'Señal de la Luz'),
(231642, 2, 'Beacon of Light'),
(231642, 3, 'Flamme des Glaubens'),
(231642, 4, 'Guide de lumière'),
(231644, 1, 'Sentencia'),
(231644, 2, 'Judgment'),
(231644, 3, 'Richturteil'),
(231644, 4, 'Jugement'),
(231657, 1, 'Sentencia'),
(231657, 2, 'Judgment'),
(231657, 3, 'Richturteil'),
(231657, 4, 'Jugement'),
(231665, 1, 'Escudo de vengador'),
(231665, 2, 'Avenger\'s Shield'),
(231665, 3, 'Schild des Rächers'),
(231665, 4, 'Bouclier du vengeur'),
(231688, 1, 'Descarga del Vacío'),
(231688, 2, 'Void Bolt'),
(231688, 3, 'Leerenblitz'),
(231688, 4, 'Éclair de Vide'),
(231723, 1, 'Espíritu feral'),
(231723, 2, 'Feral Spirit'),
(231723, 3, 'Wildgeist'),
(231723, 4, 'Esprit farouche'),
(231780, 1, 'Sanación en cadena'),
(231780, 2, 'Chain Heal'),
(231780, 3, 'Kettenheilung'),
(231780, 4, 'Salve de guérison'),
(231791, 1, 'Aflicción inestable'),
(231791, 2, 'Unstable Affliction'),
(231791, 3, 'Instabiles Gebrechen'),
(231791, 4, 'Affliction instable'),
(231833, 1, 'Rajar'),
(231833, 2, 'Cleave'),
(231833, 3, 'Spalten'),
(231833, 4, 'Enchaînement'),
(231834, 1, 'Embate con escudo'),
(231834, 2, 'Shield Slam'),
(231834, 3, 'Schildschlag'),
(231834, 4, 'Heurt de bouclier'),
(231895, 1, 'Cruzada'),
(231895, 2, 'Crusade'),
(231895, 3, 'Kreuzzug'),
(231895, 4, 'Croisade'),
(232643, 1, 'Choque de llamas'),
(232643, 2, 'Flame Shock'),
(232643, 3, 'Flammenschock'),
(232643, 4, 'Horion de flammes'),
(232698, 1, 'Forma de las Sombras'),
(232698, 2, 'Shadowform'),
(232698, 3, 'Schattengestalt'),
(232698, 4, 'Forme d\'Ombre'),
(232893, 1, 'Hoja mácula'),
(232893, 2, 'Felblade'),
(232893, 3, 'Teufelsklinge'),
(232893, 4, 'Gangrelame'),
(234299, 1, 'Puño de justicia'),
(234299, 2, 'Fist of Justice'),
(234299, 3, 'Faust der Gerechtigkeit'),
(234299, 4, 'Poing de la justice'),
(235189, 1, 'Perseverancia'),
(235189, 2, 'Perseverance'),
(235189, 3, 'Beharrlichkeit'),
(235189, 4, 'Persévérance'),
(235297, 1, 'Aislamiento glacial'),
(235297, 2, 'Glacial Insulation'),
(235297, 3, 'Gletscherpanzer'),
(235297, 4, 'Isolation glaciale'),
(235313, 1, 'Barrera llameante'),
(235313, 2, 'Blazing Barrier'),
(235313, 3, 'Lodernde Barriere'),
(235313, 4, 'Barrière flamboyante'),
(235450, 1, 'Barrera prismática'),
(235450, 2, 'Prismatic Barrier'),
(235450, 3, 'Prismatische Barriere'),
(235450, 4, 'Barrière prismatique'),
(235463, 1, 'Escudo de maná'),
(235463, 2, 'Mana Shield'),
(235463, 3, 'Manaschild'),
(235463, 4, 'Bouclier de mana'),
(236457, 1, 'Estela'),
(236457, 2, 'Slipstream'),
(236457, 3, 'Fließende Energie'),
(236457, 4, 'Sillage'),
(236628, 1, 'Amplificación'),
(236628, 2, 'Amplification'),
(236628, 3, 'Amplifikation'),
(236628, 4, 'Amplification'),
(236662, 1, 'Ventisca'),
(236662, 2, 'Blizzard'),
(236662, 3, 'Blizzard'),
(236662, 4, 'Blizzard'),
(236698, 1, 'Tácticas de guerrilla'),
(236698, 2, 'Guerrilla Tactics'),
(236698, 3, 'Guerillataktiken'),
(236698, 4, 'Tactique de guérilla'),
(257541, 1, 'Llamas de fénix'),
(257541, 2, 'Phoenix Flames'),
(257541, 3, 'Phönixflammen'),
(257541, 4, 'Flammes de phénix'),
(263165, 1, 'Torrente del Vacío'),
(263165, 2, 'Void Torrent'),
(263165, 3, 'Leerenstrom'),
(263165, 4, 'Torrent du Vide'),
(263346, 1, 'Vacío oscuro'),
(263346, 2, 'Dark Void'),
(263346, 3, 'Dunkle Leere'),
(263346, 4, 'Vide sombre'),
(263648, 1, 'Barrera de alma'),
(263648, 2, 'Soul Barrier'),
(263648, 3, 'Seelenbarriere'),
(263648, 4, 'Barrière d’âme'),
(265202, 1, 'Palabra sagrada: salvación'),
(265202, 2, 'Holy Word: Salvation'),
(265202, 3, 'Segenswort: Erlösung'),
(265202, 4, 'Mot sacré : Salut'),
(265412, 1, 'Fatalidad'),
(265412, 2, 'Doom'),
(265412, 3, 'Verdammnis'),
(265412, 4, 'Destin funeste'),
(269650, 1, 'Piroestallido'),
(269650, 2, 'Pyroclasm'),
(269650, 3, 'Pyroklasmus'),
(269650, 4, 'Pyroclasme'),
(271534, 1, 'Maestría: Gracia'),
(271534, 2, 'Mastery: Grace'),
(271534, 3, 'Meisterschaft: Gnade'),
(271534, 4, 'Maîtrise : Grâce'),
(278326, 1, 'Consumo de magia'),
(278326, 2, 'Consume Magic'),
(278326, 3, 'Magie aufzehren'),
(278326, 4, 'Manavore'),
(280711, 1, 'Ascensión oscura'),
(280711, 2, 'Dark Ascension'),
(280711, 3, 'Dunkler Aufstieg'),
(280711, 4, 'Sombre ascension'),
(281482, 1, 'Resonar'),
(281482, 2, 'Reverberate'),
(281482, 3, 'Nachhallen'),
(281482, 4, 'Réverbération'),
(288733, 1, 'Intangibilidad'),
(288733, 2, 'Intangibility'),
(288733, 3, 'Unfassbarkeit'),
(288733, 4, 'Intangibilité');

-- --------------------------------------------------------

--
-- Estructura de tabla para la tabla `hechizos_por_espec`
--

CREATE TABLE `hechizos_por_espec` (
  `id_hechizo` int(11) NOT NULL,
  `id_espec` tinyint(4) NOT NULL
) ENGINE=InnoDB DEFAULT CHARSET=utf8mb4;

--
-- Volcado de datos para la tabla `hechizos_por_espec`
--

INSERT INTO `hechizos_por_espec` (`id_hechizo`, `id_espec`) VALUES
(17, 43),
(17, 45),
(53, 42),
(66, 31),
(66, 32),
(66, 33),
(71, 30),
(100, 28),
(100, 29),
(100, 30),
(116, 33),
(118, 31),
(118, 32),
(118, 33),
(120, 33),
(122, 31),
(122, 32),
(122, 33),
(126, 10),
(126, 11),
(126, 12),
(136, 16),
(136, 17),
(136, 18),
(139, 44),
(348, 12),
(421, 23),
(498, 37),
(498, 38),
(586, 43),
(586, 44),
(586, 45),
(589, 43),
(589, 45),
(596, 44),
(605, 43),
(605, 44),
(605, 45),
(633, 37),
(633, 38),
(633, 39),
(642, 37),
(642, 38),
(642, 39),
(686, 11),
(686, 12),
(703, 40),
(710, 10),
(710, 11),
(710, 12),
(740, 27),
(755, 10),
(755, 11),
(755, 12),
(768, 24),
(768, 25),
(768, 26),
(768, 27),
(772, 28),
(783, 24),
(783, 25),
(783, 26),
(783, 27),
(871, 30),
(980, 10),
(982, 16),
(982, 17),
(982, 18),
(1022, 39),
(1044, 37),
(1044, 38),
(1044, 39),
(1064, 23),
(1098, 10),
(1098, 11),
(1098, 12),
(1329, 40),
(1463, 31),
(1463, 32),
(1463, 33),
(1715, 28),
(1752, 40),
(1776, 41),
(1822, 25),
(1953, 31),
(1953, 32),
(1953, 33),
(1966, 40),
(1966, 41),
(1966, 42),
(2006, 43),
(2006, 44),
(2006, 45),
(2008, 21),
(2008, 22),
(2008, 23),
(2120, 32),
(2565, 30),
(2643, 16),
(2643, 17),
(2645, 21),
(2645, 22),
(2645, 23),
(2823, 40),
(2825, 21),
(2825, 22),
(2825, 23),
(2948, 32),
(2983, 40),
(2983, 41),
(2983, 42),
(3127, 28),
(3127, 29),
(3127, 30),
(3408, 40),
(3714, 13),
(3714, 14),
(3714, 15),
(5143, 31),
(5171, 41),
(5217, 25),
(5221, 24),
(5221, 25),
(5221, 26),
(5221, 27),
(5308, 29),
(5384, 16),
(5384, 17),
(5384, 18),
(5394, 23),
(5487, 24),
(5487, 25),
(5487, 26),
(5487, 27),
(5697, 10),
(5697, 11),
(5697, 12),
(5740, 12),
(6197, 16),
(6197, 17),
(6197, 18),
(6343, 30),
(6544, 28),
(6544, 29),
(6544, 30),
(6572, 30),
(6789, 10),
(6789, 11),
(6789, 12),
(6940, 37),
(6940, 38),
(6991, 16),
(6991, 17),
(6991, 18),
(7328, 37),
(7328, 38),
(7328, 39),
(7384, 28),
(8042, 21),
(8676, 41),
(8679, 40),
(8921, 24),
(8921, 25),
(8921, 26),
(8921, 27),
(8936, 24),
(8936, 25),
(8936, 26),
(8936, 27),
(9484, 43),
(9484, 44),
(9484, 45),
(11426, 33),
(12042, 31),
(12292, 29),
(12472, 33),
(12950, 29),
(12975, 30),
(13750, 41),
(13877, 41),
(14062, 40),
(14062, 42),
(14914, 44),
(15286, 45),
(15407, 45),
(15487, 45),
(16196, 23),
(16511, 40),
(16864, 25),
(16931, 26),
(16974, 25),
(17877, 12),
(17962, 12),
(19236, 43),
(19236, 44),
(19386, 16),
(19386, 17),
(19574, 16),
(19577, 16),
(20066, 37),
(20066, 38),
(20066, 39),
(20473, 37),
(20484, 24),
(20484, 25),
(20484, 26),
(20484, 27),
(20707, 10),
(20707, 11),
(20707, 12),
(21562, 43),
(21562, 44),
(21562, 45),
(22570, 25),
(22812, 24),
(22812, 26),
(22812, 27),
(22842, 26),
(23881, 29),
(23920, 30),
(23922, 30),
(24858, 24),
(26573, 37),
(26573, 38),
(27243, 10),
(29144, 30),
(29166, 24),
(29166, 27),
(29838, 28),
(30108, 10),
(30451, 31),
(30455, 33),
(31224, 40),
(31224, 41),
(31224, 42),
(31230, 40),
(31230, 41),
(31230, 42),
(31661, 32),
(31842, 37),
(31850, 38),
(31884, 38),
(31884, 39),
(31935, 38),
(32182, 21),
(32182, 22),
(32182, 23),
(32223, 37),
(32223, 38),
(32223, 39),
(32375, 43),
(32375, 44),
(32375, 45),
(32379, 45),
(32645, 40),
(33076, 44),
(33206, 43),
(33891, 27),
(33917, 24),
(33917, 25),
(33917, 26),
(33917, 27),
(34026, 16),
(34428, 28),
(34428, 30),
(34433, 43),
(34433, 45),
(34477, 16),
(34477, 17),
(34914, 45),
(42650, 15),
(43265, 13),
(43265, 15),
(44425, 31),
(44457, 32),
(44614, 33),
(45243, 43),
(45243, 44),
(45438, 31),
(45438, 32),
(45438, 33),
(46917, 29),
(46924, 29),
(46953, 30),
(47536, 43),
(47540, 43),
(47568, 14),
(47585, 45),
(47788, 44),
(48045, 45),
(48263, 13),
(48438, 27),
(48707, 13),
(48707, 14),
(48707, 15),
(49028, 13),
(49184, 14),
(49206, 15),
(49998, 13),
(49998, 14),
(49998, 15),
(50769, 24),
(50769, 25),
(50769, 26),
(50769, 27),
(50842, 13),
(51271, 14),
(51462, 15),
(51490, 21),
(51505, 21),
(51505, 23),
(51533, 22),
(51564, 23),
(51690, 41),
(51723, 40),
(52610, 25),
(53209, 16),
(53376, 37),
(53563, 37),
(53576, 37),
(53600, 38),
(55090, 15),
(55233, 13),
(56377, 33),
(57330, 14),
(57755, 28),
(57755, 29),
(57755, 30),
(57934, 40),
(57934, 41),
(57934, 42),
(58875, 22),
(59057, 14),
(61295, 23),
(61336, 25),
(61336, 26),
(61882, 21),
(61999, 13),
(61999, 14),
(61999, 15),
(62618, 43),
(63106, 10),
(63560, 15),
(64843, 44),
(64901, 44),
(73685, 23),
(73920, 23),
(76657, 16),
(76671, 38),
(76672, 39),
(77219, 11),
(77220, 12),
(77485, 44),
(77495, 27),
(77575, 15),
(77756, 21),
(77756, 23),
(78203, 45),
(78674, 24),
(79008, 40),
(79008, 41),
(79008, 42),
(79152, 42),
(79206, 23),
(80240, 12),
(80313, 26),
(80353, 31),
(80353, 32),
(80353, 33),
(81229, 14),
(81749, 43),
(82245, 40),
(82245, 41),
(82245, 42),
(84608, 30),
(84714, 33),
(85043, 38),
(85288, 29),
(85948, 15),
(86659, 38),
(87935, 18),
(88625, 44),
(93402, 24),
(93402, 27),
(97462, 28),
(97462, 29),
(98008, 23),
(101545, 36),
(101643, 34),
(101643, 35),
(101643, 36),
(102351, 27),
(102543, 25),
(103827, 28),
(103827, 29),
(104773, 10),
(104773, 11),
(104773, 12),
(106832, 25),
(106832, 26),
(106898, 25),
(106898, 26),
(107574, 28),
(107574, 29),
(107574, 30),
(108271, 21),
(108271, 22),
(108271, 23),
(108280, 23),
(108416, 10),
(108416, 11),
(108416, 12),
(108503, 10),
(108503, 12),
(108853, 32),
(108853, 33),
(109142, 45),
(109215, 16),
(109215, 17),
(109215, 18),
(109248, 16),
(109248, 17),
(110744, 43),
(110744, 44),
(110959, 31),
(111400, 10),
(111400, 11),
(111400, 12),
(111673, 13),
(111673, 14),
(111673, 15),
(113043, 27),
(113656, 36),
(114014, 42),
(114050, 21),
(114051, 22),
(114052, 23),
(114158, 37),
(114165, 37),
(115008, 34),
(115008, 35),
(115008, 36),
(115069, 34),
(115072, 34),
(115080, 36),
(115151, 35),
(115176, 34),
(115178, 34),
(115178, 35),
(115178, 36),
(115181, 34),
(115203, 34),
(115308, 34),
(115310, 35),
(115313, 35),
(115315, 34),
(115315, 36),
(115636, 36),
(115750, 37),
(115750, 38),
(115750, 39),
(115767, 30),
(116011, 31),
(116011, 32),
(116011, 33),
(116092, 36),
(116095, 36),
(116670, 35),
(116680, 35),
(116812, 34),
(116812, 35),
(116812, 36),
(116841, 34),
(116841, 35),
(116841, 36),
(116847, 34),
(116847, 36),
(116849, 35),
(116858, 12),
(117014, 21),
(117952, 34),
(117952, 35),
(117952, 36),
(118000, 29),
(118038, 28),
(119381, 34),
(119381, 35),
(119381, 36),
(119582, 34),
(120360, 16),
(120360, 17),
(120517, 43),
(120517, 44),
(120679, 16),
(121253, 34),
(121471, 42),
(121536, 43),
(121536, 44),
(122278, 34),
(122278, 35),
(122278, 36),
(122281, 34),
(122281, 35),
(122281, 36),
(122470, 36),
(122783, 35),
(122783, 36),
(123040, 43),
(123904, 36),
(124081, 35),
(124502, 34),
(129250, 43),
(130736, 15),
(131511, 40),
(131511, 41),
(131511, 42),
(131894, 16),
(131894, 17),
(132157, 43),
(132157, 44),
(132469, 24),
(132469, 25),
(132469, 26),
(132469, 27),
(132578, 34),
(137384, 36),
(137619, 40),
(137619, 41),
(137619, 42),
(137639, 36),
(145108, 27),
(145205, 27),
(152108, 12),
(152173, 36),
(152175, 36),
(152261, 38),
(152262, 38),
(152277, 28),
(152279, 14),
(152280, 15),
(153561, 32),
(153626, 31),
(154904, 40),
(155147, 31),
(155148, 32),
(155271, 45),
(155783, 26),
(157153, 23),
(157411, 36),
(157980, 31),
(157981, 32),
(158477, 26),
(158478, 27),
(161798, 30),
(162243, 19),
(162452, 45),
(162794, 19),
(163201, 28),
(164856, 18),
(167105, 28),
(168534, 21),
(170374, 21),
(179057, 19),
(183778, 37),
(183778, 38),
(183778, 39),
(184364, 29),
(184575, 39),
(184662, 39),
(184783, 28),
(185123, 19),
(185164, 19),
(185358, 17),
(185438, 42),
(185565, 40),
(185763, 41),
(185767, 41),
(185901, 17),
(186257, 16),
(186257, 17),
(186257, 18),
(186263, 43),
(186263, 45),
(186265, 16),
(186265, 17),
(186265, 18),
(186289, 18),
(186387, 17),
(187827, 20),
(187874, 22),
(188089, 22),
(188389, 21),
(188443, 21),
(188499, 19),
(188838, 23),
(190319, 32),
(190336, 31),
(190336, 32),
(190336, 33),
(190356, 33),
(190456, 30),
(190493, 21),
(190778, 14),
(190780, 13),
(190780, 14),
(190780, 15),
(190925, 18),
(190928, 18),
(191034, 24),
(191241, 18),
(191384, 16),
(191384, 18),
(191427, 19),
(191433, 18),
(191837, 35),
(192106, 22),
(192234, 22),
(192246, 22),
(192759, 40),
(192939, 19),
(193223, 45),
(193225, 45),
(193315, 41),
(193316, 41),
(193526, 17),
(193530, 16),
(193539, 40),
(193539, 41),
(193539, 42),
(193786, 22),
(193796, 22),
(194153, 24),
(194223, 24),
(194277, 18),
(194386, 16),
(194386, 17),
(194397, 16),
(194407, 18),
(194466, 32),
(194509, 43),
(194599, 17),
(194662, 13),
(194844, 13),
(194855, 18),
(194878, 14),
(194909, 14),
(194912, 14),
(194918, 15),
(195072, 19),
(195182, 13),
(195292, 13),
(195452, 42),
(195679, 13),
(196226, 10),
(196277, 11),
(196447, 12),
(196607, 34),
(196607, 36),
(196718, 19),
(196719, 34),
(196721, 34),
(196725, 35),
(196738, 34),
(196743, 36),
(196770, 14),
(196834, 22),
(196840, 21),
(196861, 40),
(196926, 37),
(196937, 41),
(196938, 41),
(197211, 22),
(197419, 43),
(197467, 23),
(197490, 27),
(197690, 28),
(197721, 27),
(197835, 42),
(197895, 35),
(197900, 35),
(197915, 35),
(198013, 19),
(198034, 39),
(198068, 43),
(198304, 30),
(198589, 19),
(198590, 10),
(198664, 35),
(198670, 17),
(198943, 15),
(199483, 17),
(199483, 18),
(199522, 17),
(199527, 17),
(199532, 16),
(199543, 18),
(199740, 41),
(199743, 41),
(199754, 41),
(199804, 41),
(199849, 45),
(200025, 37),
(200076, 23),
(200128, 44),
(200153, 44),
(200174, 45),
(200209, 44),
(200390, 27),
(200652, 37),
(200758, 42),
(200759, 42),
(200806, 40),
(201082, 18),
(201430, 16),
(201467, 19),
(201897, 22),
(201898, 22),
(201900, 22),
(202028, 25),
(202031, 25),
(202155, 26),
(202157, 24),
(202168, 30),
(202271, 39),
(202288, 30),
(202316, 28),
(202347, 24),
(202425, 24),
(202561, 30),
(202572, 30),
(202603, 30),
(202612, 28),
(202665, 41),
(202743, 30),
(202751, 29),
(202767, 24),
(202800, 18),
(203177, 30),
(203201, 30),
(203415, 18),
(203524, 30),
(203538, 39),
(203539, 39),
(203555, 19),
(203556, 19),
(203720, 20),
(203747, 20),
(203776, 38),
(203782, 20),
(203791, 38),
(203962, 26),
(204019, 38),
(204021, 20),
(204053, 26),
(204054, 38),
(204065, 43),
(204066, 26),
(204139, 38),
(204150, 38),
(204157, 20),
(204197, 43),
(204263, 43),
(204263, 44),
(204596, 20),
(204883, 44),
(204945, 22),
(205021, 33),
(205022, 31),
(205023, 32),
(205027, 33),
(205065, 45),
(205145, 11),
(205148, 12),
(205180, 10),
(205191, 39),
(205223, 13),
(205228, 39),
(205273, 39),
(205320, 36),
(205369, 45),
(205385, 45),
(205406, 35),
(205495, 21),
(205545, 29),
(205636, 24),
(206315, 29),
(206416, 19),
(206505, 18),
(206817, 17),
(206930, 13),
(206931, 13),
(206940, 13),
(206974, 13),
(206977, 13),
(207068, 16),
(207127, 14),
(207142, 14),
(207161, 14),
(207230, 14),
(207256, 14),
(207264, 15),
(207269, 15),
(207272, 15),
(207289, 15),
(207305, 15),
(207316, 15),
(207319, 15),
(207321, 15),
(207346, 15),
(207349, 15),
(207383, 27),
(207387, 20),
(207399, 23),
(207407, 20),
(207550, 20),
(207697, 20),
(207946, 43),
(207982, 28),
(208065, 44),
(208253, 27),
(209202, 38),
(209400, 20),
(209577, 28),
(209782, 42),
(209795, 20),
(210191, 39),
(210220, 39),
(210706, 26),
(210714, 21),
(210722, 25),
(210731, 22),
(210805, 31),
(210853, 22),
(211053, 19),
(211881, 19),
(212036, 43),
(212036, 44),
(212040, 27),
(212048, 23),
(212051, 35),
(212056, 37),
(212283, 42),
(212431, 17),
(212621, 16),
(212621, 17),
(212621, 18),
(212653, 31),
(212653, 32),
(212653, 33),
(212658, 17),
(212763, 15),
(213313, 39),
(213764, 25),
(213764, 26),
(214326, 34),
(214579, 17),
(214621, 43),
(215556, 29),
(215569, 29),
(215571, 29),
(215661, 39),
(215864, 22),
(216698, 10),
(217020, 39),
(217832, 19),
(217832, 20),
(218612, 20),
(218679, 20),
(219272, 10),
(219272, 11),
(219272, 12),
(219786, 13),
(220143, 15),
(223657, 30),
(223662, 30),
(224968, 31),
(227266, 28),
(227847, 28),
(228260, 45),
(228477, 20),
(228920, 30),
(231606, 35),
(231633, 35),
(231642, 37),
(231644, 37),
(231657, 38),
(231665, 38),
(231688, 45),
(231723, 22),
(231780, 23),
(231791, 10),
(231833, 28),
(231834, 30),
(231895, 39),
(232643, 21),
(232698, 45),
(232893, 20),
(234299, 37),
(234299, 38),
(234299, 39),
(235189, 44),
(235297, 33),
(235313, 32),
(235450, 31),
(235463, 31),
(236457, 31),
(236628, 31),
(236662, 33),
(236698, 18),
(257541, 32),
(263165, 45),
(263346, 45),
(263648, 20),
(265202, 44),
(265412, 11),
(269650, 32),
(271534, 43),
(278326, 19),
(278326, 20),
(280711, 45),
(281482, 31),
(288733, 45);

-- --------------------------------------------------------

--
-- Estructura de tabla para la tabla `idiomas`
--

CREATE TABLE `idiomas` (
  `idiomaid` tinyint(4) NOT NULL,
  `nombre` varchar(255) NOT NULL,
  `lang` varchar(10) NOT NULL,
  `descripcion` text NOT NULL,
  `Pos1Selector` varchar(255) NOT NULL
) ENGINE=InnoDB DEFAULT CHARSET=utf8mb4;

--
-- Volcado de datos para la tabla `idiomas`
--

INSERT INTO `idiomas` (`idiomaid`, `nombre`, `lang`, `descripcion`, `Pos1Selector`) VALUES
(1, 'Español', 'es', 'Una base de datos con hechizos del juego World of Warcraft, clasificados por categorías y presentados en esquemas para facilitar su consulta y aprendizaje. Ofrece más de 10.000 esquemas comparativos entre las diferentes clases y especializaciones de personajes.', 'Elige una clase…'),
(2, 'Inglés', 'en', 'A database Spell game World of Warcraft, categorized and presented in schemes for easy reference and learning. It offers more than 10,000 comparative schemes between different classes and specs of characters.', 'Choose s class…'),
(3, 'Alemán', 'de', 'Eine Datenbank Zauber-Spiel World of Warcraft, kategorisiert und in Diagrammen für einfache Referenz-und Lern ​​vorgestellt. Es bietet mehr als 10.000 Vergleichs Karten zwischen verschiedenen Klassen und Spezifikationen von Zeichen.', 'Wähle eine Klasse'),
(4, 'Francés', 'fr', 'Un jeu de sorts base de données de World of Warcraft, classées et présentées dans les schémas de référence et de faciliter l\'apprentissage. Elle propose plus de 10 000 cartes comparatives entre les différentes classes et les spécifications de caractères.', 'Choisir une classe…');

-- --------------------------------------------------------

--
-- Estructura de tabla para la tabla `roles`
--

CREATE TABLE `roles` (
  `rolid` tinyint(4) NOT NULL,
  `nombre` varchar(255) NOT NULL
) ENGINE=InnoDB DEFAULT CHARSET=utf8mb4;

--
-- Volcado de datos para la tabla `roles`
--

INSERT INTO `roles` (`rolid`, `nombre`) VALUES
(1, 'Tanque'),
(2, 'DPS'),
(3, 'Sanador');

--
-- Índices para tablas volcadas
--

--
-- Indices de la tabla `categorias`
--
ALTER TABLE `categorias`
  ADD PRIMARY KEY (`categoriaid`);

--
-- Indices de la tabla `categorias_idiomas`
--
ALTER TABLE `categorias_idiomas`
  ADD PRIMARY KEY (`id_categoria`,`id_idioma`),
  ADD KEY `id_idioma` (`id_idioma`);

--
-- Indices de la tabla `clases`
--
ALTER TABLE `clases`
  ADD PRIMARY KEY (`claseid`);

--
-- Indices de la tabla `clases_idiomas`
--
ALTER TABLE `clases_idiomas`
  ADD PRIMARY KEY (`id_clase`,`id_idioma`),
  ADD KEY `id_idioma` (`id_idioma`);

--
-- Indices de la tabla `clasifica`
--
ALTER TABLE `clasifica`
  ADD PRIMARY KEY (`id_hechizo`,`id_categoria`),
  ADD KEY `id_categoria` (`id_categoria`);

--
-- Indices de la tabla `especs`
--
ALTER TABLE `especs`
  ADD PRIMARY KEY (`especid`,`id_clase`),
  ADD KEY `id_clase` (`id_clase`),
  ADD KEY `id_rol` (`id_rol`);

--
-- Indices de la tabla `especs_idiomas`
--
ALTER TABLE `especs_idiomas`
  ADD PRIMARY KEY (`id_espec`,`id_idioma`),
  ADD KEY `id_idioma` (`id_idioma`);

--
-- Indices de la tabla `hechizos`
--
ALTER TABLE `hechizos`
  ADD PRIMARY KEY (`hechizoid`,`version`);

--
-- Indices de la tabla `hechizos_idiomas`
--
ALTER TABLE `hechizos_idiomas`
  ADD PRIMARY KEY (`id_hechizo`,`id_idioma`),
  ADD KEY `id_idioma` (`id_idioma`);

--
-- Indices de la tabla `hechizos_por_espec`
--
ALTER TABLE `hechizos_por_espec`
  ADD PRIMARY KEY (`id_hechizo`,`id_espec`),
  ADD KEY `id_espec` (`id_espec`);

--
-- Indices de la tabla `idiomas`
--
ALTER TABLE `idiomas`
  ADD PRIMARY KEY (`idiomaid`);

--
-- Indices de la tabla `roles`
--
ALTER TABLE `roles`
  ADD PRIMARY KEY (`rolid`);

--
-- Restricciones para tablas volcadas
--

--
-- Filtros para la tabla `categorias_idiomas`
--
ALTER TABLE `categorias_idiomas`
  ADD CONSTRAINT `categorias_idiomas_ibfk_1` FOREIGN KEY (`id_idioma`) REFERENCES `idiomas` (`idiomaid`),
  ADD CONSTRAINT `categorias_idiomas_ibfk_2` FOREIGN KEY (`id_categoria`) REFERENCES `categorias` (`categoriaid`);

--
-- Filtros para la tabla `clases_idiomas`
--
ALTER TABLE `clases_idiomas`
  ADD CONSTRAINT `clases_idiomas_ibfk_1` FOREIGN KEY (`id_idioma`) REFERENCES `idiomas` (`idiomaid`),
  ADD CONSTRAINT `clases_idiomas_ibfk_2` FOREIGN KEY (`id_clase`) REFERENCES `clases` (`claseid`);

--
-- Filtros para la tabla `clasifica`
--
ALTER TABLE `clasifica`
  ADD CONSTRAINT `clasifica_ibfk_4` FOREIGN KEY (`id_hechizo`) REFERENCES `hechizos` (`hechizoid`),
  ADD CONSTRAINT `clasifica_ibfk_5` FOREIGN KEY (`id_categoria`) REFERENCES `categorias` (`categoriaid`);

--
-- Filtros para la tabla `especs`
--
ALTER TABLE `especs`
  ADD CONSTRAINT `especs_ibfk_1` FOREIGN KEY (`id_clase`) REFERENCES `clases` (`claseid`),
  ADD CONSTRAINT `especs_ibfk_2` FOREIGN KEY (`id_rol`) REFERENCES `roles` (`rolid`);

--
-- Filtros para la tabla `especs_idiomas`
--
ALTER TABLE `especs_idiomas`
  ADD CONSTRAINT `especs_idiomas_ibfk_1` FOREIGN KEY (`id_idioma`) REFERENCES `idiomas` (`idiomaid`),
  ADD CONSTRAINT `especs_idiomas_ibfk_2` FOREIGN KEY (`id_espec`) REFERENCES `especs` (`especid`);

--
-- Filtros para la tabla `hechizos_idiomas`
--
ALTER TABLE `hechizos_idiomas`
  ADD CONSTRAINT `hechizos_idiomas_ibfk_1` FOREIGN KEY (`id_hechizo`) REFERENCES `hechizos` (`hechizoid`),
  ADD CONSTRAINT `hechizos_idiomas_ibfk_2` FOREIGN KEY (`id_idioma`) REFERENCES `idiomas` (`idiomaid`);

--
-- Filtros para la tabla `hechizos_por_espec`
--
ALTER TABLE `hechizos_por_espec`
  ADD CONSTRAINT `hechizos_por_espec_ibfk_2` FOREIGN KEY (`id_espec`) REFERENCES `especs` (`especid`),
  ADD CONSTRAINT `hechizos_por_espec_ibfk_3` FOREIGN KEY (`id_hechizo`) REFERENCES `hechizos` (`hechizoid`);
COMMIT;
